,trans_x,trans_y,trans_z,rot_x,rot_y,rot_z,trans_x_derivative1,trans_y_derivative1,trans_z_derivative1,rot_x_derivative1,rot_y_derivative1,rot_z_derivative1,trans_x_derivative1_power2,trans_y_derivative1_power2,trans_z_derivative1_power2,rot_x_derivative1_power2,rot_y_derivative1_power2,rot_z_derivative1_power2,trans_x_power2,trans_y_power2,trans_z_power2,rot_x_power2,rot_y_power2,rot_z_power2,global_signal,csf,white_matter
0,-0.00866272,0.114815,-0.0346301,-0.000990139,-7.59816e-05,-0.000528371,0.0085861356,-0.037395,-0.0128751,0.0003663359999999,-0.0001740184,-0.00025,7.372172454158738e-05,0.0013983860249999,0.00016576820001,1.3420206489599994e-07,3.028240353856e-08,6.25e-08,7.504271779840001e-05,0.013182484225,0.0011992438260099,9.80375239321e-07,5.7732035385600005e-09,2.79175913641e-07,747.0267105120971,511.5245603288213,510.3865336028364
1,-7.65844e-05,0.07742,-0.0475052,-0.000623803,-0.00025,-0.000778371,0.0085861356,-0.037395,-0.0128751,0.0003663359999999,-0.0001740184,-0.00025,7.372172454158738e-05,0.0013983860249999,0.00016576820001,1.3420206489599994e-07,3.028240353856e-08,6.25e-08,5.8651703233599995e-09,0.0059938564,0.0022567440270399,3.89130182809e-07,6.25e-08,6.05861413641e-07,745.1454642638901,505.1743414176835,510.0889793582072
2,-5.1619e-05,0.092395,-0.034172,-0.0007479239999999,-0.00025,-0.000410693,2.49654e-05,0.014975,0.0133331999999999,-0.0001241209999998,0.0,0.000367678,6.232711971599998e-10,0.000224250625,0.0001777742222399,1.5406022640975172e-08,0.0,1.3518711168400005e-07,2.664521161e-09,0.008536836025,0.001167725584,5.593903097758504e-07,6.25e-08,1.68668740249e-07,745.0017934282131,501.5877571687103,509.8723339404722
3,6.97234e-05,0.118248,-0.0196799,-0.00121757,-0.000187272,0.000143246,0.0001213424,0.025853,0.0144921,-0.0004696460000001,6.272800000000001e-05,0.000553939,1.4723978037760002e-08,0.000668377609,0.00021002096241,2.20567365316094e-07,3.934801984000002e-09,3.0684841572100005e-07,4.861352507559999e-09,0.013982589504,0.00038729846401,1.4824767049000002e-06,3.5070801984e-08,2.0519416516e-08,747.5074140890551,503.23379100925393,510.7271791330857
4,-0.0078274599999999,0.0296863,-0.0367183,-0.00126017,-8.13439e-05,0.000213365,-0.0078971833999999,-0.0885617,-0.0170384,-4.259999999999984e-05,0.0001059280999999,7.0119e-05,6.236550565323401e-05,0.00784317470689,0.00029030707456,1.8147599999999862e-09,1.1220762369609997e-08,4.916674161e-09,6.126913005159845e-05,0.0008812764076899,0.00134823355489,1.5880284288999997e-06,6.616830067210001e-09,4.5524623225000003e-08,749.8997113131466,505.68055439376167,510.899525098314
5,-0.00398479,0.070672,-0.0339269,-0.0012983,-0.0,0.000214197,0.0038426699999999,0.0409857,0.0027913999999999,-3.813000000000015e-05,8.13439e-05,8.320000000000083e-07,1.4766112728899236e-05,0.00167982760449,7.791913959999996e-06,1.4538969000000115e-09,6.616830067210001e-09,6.92224000000014e-13,1.5878551344100003e-05,0.004994531584,0.00115103454361,1.6855828900000002e-06,0.0,4.5880354809e-08,750.8098587487698,507.25077075478106,511.3909421851033
6,8.69789e-05,0.117878,-0.0349201,-0.00145168,-0.000411333,7.926229999999998e-05,0.0040717689,0.047206,-0.0009931999999999,-0.0001533799999999,-0.000411333,-0.0001349347,1.657930197500721e-05,0.0022284064359999,9.864462399999994e-07,2.352542439999995e-08,1.69194836889e-07,1.8207373264090012e-08,7.56532904521e-09,0.0138952228839999,0.00121941338401,2.1073748224e-06,1.69194836889e-07,6.282512201289997e-09,749.3610163695204,506.829263275365,511.4082975983148
7,-0.00544844,0.0370968,-0.0639564,-0.000969876,-0.000165132,-5.06913e-05,-0.0055354188999999,-0.0807812,-0.0290362999999999,0.0004818039999999,0.000246201,-0.0001299535999999,3.06408623984772e-05,0.00652560227344,0.0008431067176899,2.3213509441599985e-07,6.061493240100003e-08,1.688793815295999e-08,2.96854984336e-05,0.00137617257024,0.0040904211009599,9.40659455376e-07,2.7268577423999995e-08,2.56960789569e-09,748.2253134566597,508.01352422551975,511.3450893751711
8,5.10252e-05,0.071888,-0.037193,-0.00164343,-4.323060000000001e-23,0.000199366,0.0054994651999999,0.0347911999999999,0.0267634,-0.0006735539999999,0.000165132,0.0002500573,3.024411748601104e-05,0.0012104275974399,0.0007162795795599,4.536749909159999e-07,2.7268577423999995e-08,6.252865328329001e-08,2.60357103504e-09,0.0051678845439999,0.0013833192489999,2.7008621649e-06,1.868884776360001e-45,3.9746801956e-08,747.9336982096676,509.092206305431,511.1317807993133
9,0.00268802,0.0743619999999999,-0.0474517,-0.00113594,-0.000187709,0.000227745,0.0026369948,0.0024739999999999,-0.0102587,0.00050749,-0.000187709,2.8379000000000007e-05,6.95374157522704e-06,6.120675999999539e-06,0.00010524092569,2.575461001e-07,3.5234668680999995e-08,8.053676410000004e-10,7.225451520400001e-06,0.0055297070439999,0.00225166383289,1.2903596836e-06,3.5234668680999995e-08,5.186778502500001e-08,746.4686277628713,505.2733216085368,510.5095940299945
10,0.0122977,0.0713268,-0.0413838,-0.0008927829999999,-0.0,0.000429358,0.0096096799999999,-0.0030351999999999,0.0060679,0.0002431570000001,0.000187709,0.000201613,9.234594970239998e-05,9.212439039999422e-06,3.681941041000001e-05,5.9125326649048644e-08,3.5234668680999995e-08,4.0647801769e-08,0.00015123342529,0.00508751239824,0.0017126189024399,7.970614850888215e-07,0.0,1.84348292164e-07,745.4615659847034,506.27659020970265,510.4751708623541
11,0.00912363,0.130044,-0.0125947,-0.000711008,-0.00016531,0.000440206,-0.0031740699999999,0.0587172,0.0287890999999999,0.0001817749999999,-0.00016531,1.0847999999999988e-05,1.0074720364899996e-05,0.0034477095758399,0.0008288122788099,3.3042150624963666e-08,2.73273961e-08,1.1767910399999974e-10,8.32406243769e-05,0.016911441936,0.00015862646809,5.055323760639999e-07,2.73273961e-08,1.93781322436e-07,745.5821880872167,509.10796233581175,510.9278882542696
12,0.0194322,0.0390598,-0.0163105,-0.000944288,-0.0,0.000440206,0.01030857,-0.0909841999999999,-0.0037157999999999,-0.00023328,0.00016531,0.0,0.0001062666154448,0.0082781246496399,1.3807169639999988e-05,5.441955840000005e-08,2.73273961e-08,0.0,0.00037761039684,0.00152566797604,0.0002660324102499,8.916798269440001e-07,0.0,1.93781322436e-07,744.7320315399982,504.8484474559625,511.06561927933575
13,0.0271815,0.035598,-0.0122662,-0.00117771,-0.0,0.000554173,0.0077493,-0.0034618,0.0040442999999999,-0.0002334219999999,0.0,0.000113967,6.005165049000001e-05,1.1984059240000006e-05,1.6356362489999992e-05,5.4485830083999974e-08,0.0,1.2988477089000008e-08,0.00073883394225,0.001267217604,0.00015045966244,1.3870008441e-06,0.0,3.07107713929e-07,744.1713859918686,506.278744880524,510.9187790594901
14,0.0355278,0.0315318,0.0382604,-0.00261877,-0.000132202,0.00078352,0.0083462999999999,-0.0040661999999999,0.0505266,-0.0014410599999999,-0.000132202,0.0002293469999999,6.966072368999996e-05,1.653398243999999e-05,0.00255293730756,2.0766539236e-06,1.7477368803999997e-08,5.260004640899999e-08,0.0012622245728399,0.00099425441124,0.00146385820816,6.857956312899999e-06,1.7477368803999997e-08,6.139035904e-07,741.5417209270001,506.7366124300493,511.43704429931375
15,0.0265683,-0.122345,0.0916423,-0.00449141,8.69845e-05,0.00117153,-0.0089594999999999,-0.1538767999999999,0.0533818999999999,-0.00187264,0.0002191865,0.00038801,8.027264024999998e-05,0.0236780695782399,0.0028496272476099,3.506780569600002e-06,4.804272178225e-08,1.5055176010000006e-07,0.00070587456489,0.014968299025,0.0083983111492899,2.0172763788100003e-05,7.56630324025e-09,1.3724825409000002e-06,740.5137692707871,505.21581883099344,512.1775930690096
16,0.0284614,-0.115292,0.0676945,-0.00314021,4.23516e-22,0.00108769,0.0018931,0.0070529999999999,-0.0239477999999999,0.0013512,-8.69845e-05,-8.383999999999996e-05,3.5838276100000067e-06,4.9744808999999854e-05,0.0005734971248399,1.8257414400000008e-06,7.56630324025e-09,7.029145599999992e-09,0.00081005128996,0.013292245264,0.00458254533025,9.8609188441e-06,1.79365802256e-43,1.1830695361000005e-06,741.2675029403996,498.4575591330727,510.76202420027386
17,0.00880273,-0.0244018,-0.0127164,-0.000649721,9.06313e-23,0.0008359259999999,-0.01965867,0.0908902,-0.0804109,0.002490489,-3.328847e-22,-0.0002517640000001,0.0003864633061689,0.00826102845604,0.00646591283881,6.2025354591210015e-06,1.1081222349409001e-43,6.33851116960504e-08,7.74880554529e-05,0.00059544784324,0.0001617068289599,4.22137377841e-07,8.214032539690004e-45,6.987722774758328e-07,743.547770843941,500.0641355642014,510.8529051982951
18,-6.63451e-06,-0.0683111,-0.0280715,0.00024871,-0.0,0.000333007,-0.00880936451,-0.0439093,-0.0153551,0.000898431,-9.06313e-23,-0.0005029189999998,7.760490307004755e-05,0.0019280266264899,0.00023577909601,8.071782617610001e-07,8.214032539690004e-45,2.529275205608993e-07,4.40167229401e-11,0.00466640638321,0.00078800911225,6.185666410000003e-08,0.0,1.1089366204900001e-07,742.922500274538,504.2848663692673,510.6023160442238
19,6.62818e-06,0.0456767,0.0015518,-0.000528633,-0.0,0.000102242,1.326269e-05,0.1139878,0.0296232999999999,-0.000777343,0.0,-0.000230765,1.758989460361e-10,0.01299321854884,0.00087753990289,6.04262139649e-07,0.0,5.3252485225000014e-08,4.3932770112399996e-11,0.00208636092289,2.4080832400000005e-06,2.7945284868900004e-07,0.0,1.0453426564000001e-08,741.5195773271328,500.04433952603074,510.5179169574352
20,1.79697e-05,0.0217824,-0.0298321,1.76333e-05,-0.0,-9.50834e-05,1.1341519999999998e-05,-0.0238943,-0.0313839,0.0005462663,0.0,-0.0001973254,1.2863007591039994e-10,0.00057093757249,0.0009849491792099,2.9840687051569e-07,0.0,3.8937313485160015e-08,3.2291011808999994e-10,0.00047447294976,0.00088995419041,3.1093326889e-10,0.0,9.04085295556e-09,740.6979818496573,502.10878350668486,510.6659653441674
21,-0.00502474,-0.0834266,-9.82036e-05,-0.0004903,-2.6469800000000003e-23,0.000260077,-0.0050427097,-0.105209,0.0297338964,-0.0005079333,-2.6469800000000003e-23,0.0003551604,2.542892111847409e-05,0.0110689336809999,0.0008841045951259,2.5799623724889e-07,7.006503120400002e-46,1.2613890972816e-07,2.52480120676e-05,0.00695999758756,9.64394705296e-09,2.403940900000001e-07,7.006503120400002e-46,6.7640045929e-08,740.4805104844314,503.94914172192415,510.48706075869785
22,0.018225,0.0490567,0.0323012,-0.000236978,-0.0,0.000133531,0.02324974,0.1324833,0.0323994036,0.000253322,2.6469800000000003e-23,-0.000126546,0.0005405504100676,0.0175518247788899,0.0010497213536356,6.417203568400002e-08,7.006503120400002e-46,1.6013890116000002e-08,0.000332150625,0.00240655981489,0.00104336752144,5.6158572484e-08,0.0,1.7830527960999997e-08,739.319959044431,501.6335439236628,510.1634062738688
23,0.0159529,-0.00836517,-0.0103526,-0.000563809,-0.00025,0.00022537,-0.0022721,-0.05742187,-0.0426538,-0.000326831,-0.00025,9.1839e-05,5.162438410000012e-06,0.0032972711542969,0.00181934665444,1.0681850256099998e-07,6.25e-08,8.434401921e-09,0.0002544950184099,6.99760691289e-05,0.00010717632676,3.17880588481e-07,6.25e-08,5.07916369e-08,741.2813245502485,500.8505904139744,510.5651121750191
24,0.0245973,0.0272941,0.0186534,-0.00065247,-0.0,0.000524075,0.0086444,0.03565927,0.029006,-8.866100000000008e-05,0.00025,0.000298705,7.472565136e-05,0.0012715835369329,0.000841348036,7.860772921000014e-09,6.25e-08,8.922467702500003e-08,0.00060502716729,0.00074496789481,0.00034794933156,4.257171009000001e-07,0.0,2.746546056250001e-07,742.3464861614713,506.4672785773873,511.2064953737574
25,0.0294473,-0.0711447,0.00585777,-0.000582147,-0.0,0.000561331,0.00485,-0.0984388,-0.01279563,7.032300000000007e-05,0.0,3.725599999999994e-05,2.35225e-05,0.00969019734544,0.0001637281470969,4.945324329000009e-09,0.0,1.3880095359999955e-09,0.00086714347729,0.00506156833809,3.43134693729e-05,3.38895129609e-07,0.0,3.15092491561e-07,743.5823454397745,503.4689194626278,511.45056426209175
26,0.0246337,-0.00679444,0.00613261,-0.000993614,0.000178666,0.000561331,-0.0048135999999999,0.06435026,0.00027484,-0.000411467,0.000178666,0.0,2.317074495999998e-05,0.0041409559620676,7.553702560000008e-08,1.693050920890001e-07,3.1921539556e-08,0.0,0.00060681917569,4.616441491359999e-05,3.76089054121e-05,9.87268780996e-07,3.1921539556e-08,3.15092491561e-07,743.31589813473,502.1075715043479,511.5106082386278
27,0.0304067,0.0453364,0.0221039,-0.00101761,0.000177528,0.000561331,0.0057729999999999,0.05213084,0.01597129,-2.399599999999987e-05,-1.1379999999999743e-06,0.0,3.332752899999996e-05,0.0027176244791056,0.000255082104264,5.758080159999938e-10,1.295043999999942e-12,0.0,0.0009245674048899,0.00205538916496,0.0004885823952099,1.0355301121e-06,3.1516190784e-08,3.15092491561e-07,743.572496691857,506.637632239196,511.6500460391369
28,0.020519,-0.0025489,0.0042614,-0.000782351,0.000139498,0.00088543,-0.0098877,-0.0478853,-0.0178424999999999,0.0002352589999999,-3.8030000000000014e-05,0.000324099,9.776661128999998e-05,0.00229300195609,0.0003183548062499,5.534679708099997e-08,1.446280900000001e-09,1.05040161801e-07,0.000421029361,6.496891210000001e-06,1.815952996e-05,6.120730872010001e-07,1.9459692004e-08,7.839862849e-07,744.595919689412,506.6101601862245,511.2735965790911
29,0.0226308,-0.079359,0.0285441,-0.00129772,0.000282584,0.000494835,0.0021118,-0.0768100999999999,0.0242826999999999,-0.000515369,0.000143086,-0.000390595,4.459699240000002e-06,0.0058997914620099,0.0005896495192899,2.65605206161e-07,2.0473603396e-08,1.52564454025e-07,0.00051215310864,0.006297850881,0.00081476564481,1.6840771984e-06,7.9853717056e-08,2.44861677225e-07,743.6407392541397,500.87604246305096,510.5984422392861
30,0.0314822,0.0427528,0.00133333,-0.000504314,0.000172386,0.000561331,0.0088514,0.1221117999999999,-0.02721077,0.000793406,-0.0001101979999999,6.649599999999998e-05,7.834728196000004e-05,0.0149112916992399,0.0007404260039929,6.294930808360001e-07,1.2143599203999998e-08,4.4217180159999975e-09,0.00099112891684,0.00182780190784,1.7777688889e-06,2.54332610596e-07,2.9716932996000005e-08,3.15092491561e-07,744.9220444524057,504.2031235449844,511.3819480538368
31,0.0428904,0.0715614,0.0226908,-0.00110508,-0.000120883,0.000561331,0.0114082,0.0288085999999999,0.02135747,-0.000600766,-0.000293269,0.0,0.00013014702724,0.0008299354339599,0.0004561415248008,3.609197867560001e-07,8.600670636100003e-08,0.0,0.00183958641216,0.00512103396996,0.00051487240464,1.2212018064e-06,1.4612699689e-08,3.15092491561e-07,744.3214159499857,505.7975799527433,511.3570368032714
32,0.0126621,-0.0237057,0.00144679,-0.00112139,-0.000165021,3.96278e-05,-0.0302283,-0.0952671,-0.02124401,-1.6310000000000066e-05,-4.4138e-05,-0.0005217032,0.00091375012089,0.0090758203424099,0.0004513079608801,2.660161000000021e-10,1.948163044e-09,2.7217422889024e-07,0.00016032877641,0.00056196021249,2.0932013041000005e-06,1.2575155321000003e-06,2.7231930441e-08,1.57036253284e-09,743.9691964184707,506.6750696447161,510.7630597718909
33,0.0126621,-0.0237187,0.0371471,-0.00166268,-0.000165021,3.96278e-05,0.0,-1.2999999999999123e-05,0.03570031,-0.0005412899999999,0.0,0.0,0.0,1.6899999999997719e-10,0.001274512134096,2.929948640999998e-07,0.0,0.0,0.00016032877641,0.0005625767296899,0.00137990703841,2.7645047824e-06,2.7231930441e-08,1.57036253284e-09,742.4366830684775,508.0826083587276,510.37009869772896
34,0.0126617,0.0169439,0.00373843,-0.0007819269999999,-0.000255844,0.000104427,-4.000000000010939e-07,0.0406626,-0.03340867,0.000880753,-9.082300000000002e-05,6.47992e-05,1.6000000000087514e-13,0.00165344703876,0.0011161392311689,7.75725847009176e-07,8.248817329000004e-09,4.1989363206400005e-09,0.00016031864689,0.00028709574721,1.39758588649e-05,6.114098333288436e-07,6.545615233600002e-08,1.0904998329e-08,741.2370912096853,501.923751149906,510.43324938911616
35,0.0340601,0.0187396,-0.0220883,6.50647e-05,-0.000165021,0.000218256,0.0213984,0.0017956999999999,-0.02582673,0.0008469916999999,9.082300000000002e-05,0.000113829,0.00045789152256,3.22453848999999e-06,0.0006670199824929,7.173949398687207e-07,8.248817329000004e-09,1.2957041241000004e-08,0.00116009041201,0.0003511726081599,0.00048789299689,4.233415186089999e-09,2.7231930441e-08,4.763568153600001e-08,741.877336872857,503.5996810480953,510.5267001389278
36,0.0435732,0.0455297,0.0301976,-0.000870255,-2.02008e-05,0.000662532,0.0095130999999999,0.0267901,0.0522859,-0.0009353197,0.0001448202,0.0004442759999999,9.049907160999991e-05,0.00071770945801,0.00273381533881,8.7482294120809e-07,2.097289032804e-08,1.9738116417600002e-07,0.00189862375824,0.00207295358209,0.00091189504576,7.57343765025e-07,4.0807232064000005e-10,4.38948651024e-07,742.1629236328776,505.61658760375445,511.1965807343868
37,0.0207525,-0.0319409,-0.0352006,0.000302271,0.000160948,0.000475846,-0.0228207,-0.0774706,-0.0653982,0.001172526,0.0001811488,-0.0001866859999999,0.0005207843484899,0.00600169386436,0.00427692456324,1.3748172206760002e-06,3.281488774144e-08,3.4851662595999994e-08,0.00043066625625,0.00102022109281,0.00123908224036,9.136775744100001e-08,2.5904258704e-08,2.26429415716e-07,745.2159225326387,505.1010826097594,511.44655621638873
38,0.0361074,0.0667283,0.01778,-0.000900541,-0.000165021,0.000187351,0.0153548999999999,0.0986692,0.0529806,-0.001202812,-0.000325969,-0.000288495,0.0002357729540099,0.00973561102864,0.00280694397636,1.4467567073440004e-06,1.0625578896100001e-07,8.3229365025e-08,0.0013037443347599,0.00445266602089,0.0003161284,8.109740926810001e-07,2.7231930441e-08,3.510039720099999e-08,746.859983462816,505.2471962248285,511.6853705376293
39,0.035104,0.06675,-0.005931,-0.000853702,-0.000165021,3.96278e-05,-0.0010033999999999,2.1699999999999497e-05,-0.023711,4.683900000000002e-05,0.0,-0.0001477231999999,1.006811559999989e-06,4.708899999999782e-10,0.0005622115209999,2.193891921000001e-09,0.0,2.182214381824e-08,0.001232290816,0.0044555625,3.5176761e-05,7.28807104804e-07,2.7231930441e-08,1.57036253284e-09,746.9614780790579,508.6282787442207,511.7979218305997
40,0.0391195,-0.0128944,-0.00339939,-0.000695083,-4.72732e-05,0.000503477,0.0040154999999999,-0.0796444,0.0025316099999999,0.000158619,0.0001177478,0.0004638492,1.6124240249999985e-05,0.00634323045136,6.409049192099999e-06,2.5159987161000013e-08,1.386454440484e-08,2.1515608034064001e-07,0.00153033528025,0.00016626555136,1.15558523721e-05,4.831403768889999e-07,2.23475543824e-09,2.53489089529e-07,745.3418033847996,510.2089991254939,511.4658101775648
41,0.0529233,0.0697602,0.0346949,-0.0007225779999999,2.88589e-05,0.000290304,0.0138037999999999,0.0826546,0.03809429,-2.749499999990003e-05,7.61321e-05,-0.000213173,0.0001905448944399,0.0068317829011599,0.0014511749306041,7.559750249945024e-10,5.79609665041e-09,4.5442727929e-08,0.0028008756828899,0.0048664855040399,0.00120373608601,5.221189660838555e-07,8.328361092099997e-10,8.427641241600001e-08,741.3910147370649,504.8883088661565,510.49492343208647
42,0.0632373,0.0144374,0.0186207,-0.000584306,-0.000165021,0.000343882,0.0103139999999999,-0.0553227999999999,-0.0160742,0.0001382719999998,-0.0001938799,5.357799999999998e-05,0.0001063785959999,0.0030606121998399,0.00025837990564,1.9119145983972338e-08,3.758941562401e-08,2.870602083999998e-09,0.0039989561112899,0.00020843851876,0.00034673046849,3.414135016360001e-07,2.7231930441e-08,1.18254829924e-07,739.9555690786459,507.13697720203135,510.0287052546451
43,0.0618643,0.0361593,0.0503388,-0.000641594,7.06644e-05,0.000187703,-0.0013729999999999,0.0217219,0.0317181,-5.728799999999996e-05,0.0002356854,-0.000156179,1.8851289999999976e-06,0.0004718409396099,0.00100603786761,3.281914943999995e-09,5.554760777316e-08,2.4391880041e-08,0.0038271916144899,0.00130749497649,0.00253399478544,4.11642860836e-07,4.99345742736e-09,3.5232416209e-08,738.3187694120289,502.6380245271656,509.06077180600056
44,0.0638055,0.0646418,0.0503468,-0.00123082,-2.03142e-05,0.000355342,0.0019412,0.0284825,7.999999999994123e-06,-0.000589226,-9.09786e-05,0.0001676389999999,3.768257440000016e-06,0.00081125280625,6.399999999990597e-11,3.471872790760001e-07,8.277105657959999e-09,2.8102834320999997e-08,0.00407114183025,0.00417856230724,0.00253480027024,1.5149178724000002e-06,4.1266672164e-10,1.2626793696399997e-07,737.0885907802156,501.7496268141601,508.84761664816
45,0.0705807,-0.0163523,0.06541,-0.00123082,0.000141626,0.000349718,0.0067751999999999,-0.0809941,0.0150631999999999,0.0,0.0001619402,-5.623999999999972e-06,4.590333503999993e-05,0.00656004423481,0.0002268999942399,0.0,2.622462837604e-08,3.1629375999999683e-11,0.0049816352124899,0.00026739771529,0.0042784680999999,1.5149178724000002e-06,2.0057923876e-08,1.22302679524e-07,735.9803657693184,501.5081690152486,509.0995290326308
46,0.0651357,0.000415224,0.0694637,-0.00109371,0.000205415,0.000607405,-0.0054449999999999,0.016767524,0.0040537,0.00013711,6.3789e-05,0.000257687,2.9648024999999908e-05,0.0002811498610905,1.6432483690000058e-05,1.879915210000005e-08,4.069036521e-09,6.6402589969e-08,0.00424265941449,1.7241097017600004e-07,0.00482520561769,1.1962015641e-06,4.2195322225e-08,3.68940834025e-07,736.8664501240509,497.86596732570064,509.9599164511207
47,0.0629054,0.0385857,0.0796517,-0.00123082,0.000104205,0.000731953,-0.0022303,0.038170476,0.010188,-0.00013711,-0.00010121,0.000124548,4.97423809000002e-06,0.0014569852380665,0.000103795344,1.879915210000005e-08,1.02434641e-08,1.551220430400001e-08,0.00395708934916,0.00148885624449,0.00634439331289,1.5149178724000002e-06,1.0858682025e-08,5.357551942090001e-07,738.3994482065863,499.65717211282913,510.46076874597634
48,0.0594518,0.0648003,0.0968981,-0.00123233,0.000101437,3.96278e-05,-0.0034536,0.0262146,0.0172463999999999,-1.5099999999999229e-06,-2.767999999999998e-06,-0.0006923252,1.1927352960000008e-05,0.00068720525316,0.0002974383129599,2.280099999999767e-12,7.661823999999988e-12,4.7931418255504e-07,0.00353451652324,0.00419907888009,0.00938924178361,1.5186372289e-06,1.0289464969e-08,1.57036253284e-09,740.1137452364303,502.5748657387164,510.4507390430928
49,0.0508339,-0.00639957,0.0697712,-0.000990585,9.31704e-05,-3.18888e-05,-0.0086178999999999,-0.07119987,-0.0271268999999999,0.000241745,-8.266599999999993e-06,-7.15166e-05,7.426820040999996e-05,0.0050694214880169,0.0007358687036099,5.8440645025000015e-08,6.833667555999989e-11,5.11462407556e-09,0.00258408538921,4.0954496184900006e-05,0.00486802034944,9.81258642225e-07,8.680723436160002e-09,1.01689556544e-09,741.1522906924313,502.0932968101568,510.3035919872124
50,0.0635532,0.00960474,0.0583883,-0.00105559,0.000145299,0.000199795,0.0127193,0.01600431,-0.0113829,-6.500499999999992e-05,5.212859999999999e-05,0.0002316838,0.00016178059249,0.0002561379385761,0.00012957041241,4.225650024999991e-09,2.717390937959999e-09,5.367738318244e-08,0.00403900923024,9.22510304676e-05,0.0034091935768899,1.1142702480999998e-06,2.1111799401e-08,3.9918042025000006e-08,741.673317583721,508.8068470885356,510.3975797000848
51,0.0691331,0.00964076,0.0697618,-0.0008773,0.000269641,3.96279e-05,0.0055798999999999,3.6019999999999455e-05,0.0113735,0.0001782899999999,0.000124342,-0.0001601671,3.1135284009999986e-05,1.2974403999999604e-09,0.00012935650225,3.1787324099999965e-08,1.5460932964e-08,2.565349992241e-08,0.00477938551561,9.29442533776e-05,0.00486670873924,7.6965529e-07,7.2706268881e-08,1.57037045841e-09,740.2193054720655,502.42471211585735,509.7390328606567
52,0.0676475,0.084302,0.0841249,-0.00167791,6.99665e-05,3.96278e-05,-0.0014856,0.07466124,0.0143631,-0.0008006099999999,-0.0001996745,-1.0000000000021927e-10,2.207007360000011e-06,0.0055743007583376,0.00020629864161,6.409763720999998e-07,3.986990595025001e-08,1.0000000000043852e-20,0.00457618425625,0.007106827204,0.00707699880001,2.8153819681e-06,4.89531112225e-09,1.57036253284e-09,739.6470921707995,503.5218435646759,509.6181394629935
53,0.0749951999999999,-0.0137915,0.0781141999999999,-0.00117746,0.000269641,3.96278e-05,0.0073476999999999,-0.0980935,-0.0060107000000001,0.0005004499999999,0.0001996745,0.0,5.398869528999856e-05,0.00962233474225,3.612851449000126e-05,2.504502025e-07,3.986990595025001e-08,0.0,0.0056242800230399,0.00019020547225,0.0061018282416399,1.3864120516e-06,7.2706268881e-08,1.57036253284e-09,739.7829369696609,503.3749219480488,509.5374607631253
54,0.0716857,0.00106252,0.085181,-0.000969678,0.000201043,3.96279e-05,-0.0033094999999998,0.0148540199999999,0.0070668000000001,0.000207782,-6.859799999999998e-05,1.0000000000021927e-10,1.095279024999931e-05,0.0002206419101603,4.993966224000154e-05,4.3173359524e-08,4.705685603999997e-09,1.0000000000043852e-20,0.00513883958449,1.1289487504e-06,0.007255802761,9.40275423684e-07,4.0418287849e-08,1.57037045841e-09,739.7586988464632,502.0033393033677,509.0942361110326
55,0.0816066,0.0679542,0.114079,-0.00159039,0.000269641,3.96279e-05,0.0099208999999999,0.06689168,0.0288979999999999,-0.0006207119999999,6.859799999999998e-05,0.0,9.842425680999992e-05,0.0044744968532224,0.0008350944039999,3.852833869439999e-07,4.705685603999997e-09,0.0,0.00665963716356,0.00461777329764,0.013014018241,2.5293403521e-06,7.2706268881e-08,1.57037045841e-09,739.2835128423928,504.188714183867,509.53540879714336
56,0.0832117,-0.0127406,0.114072,-0.00145324,0.000208098,3.96279e-05,0.0016050999999999,-0.0806948,-6.999999999993123e-06,0.0001371499999999,-6.154299999999998e-05,0.0,2.576346009999994e-06,0.00651165074704,4.8999999999903716e-11,1.8810122499999985e-08,3.787540848999997e-09,0.0,0.00692418701689,0.00016232288836,0.013012421184,2.1119064976e-06,4.3304777604000005e-08,1.57037045841e-09,740.2112610063884,503.4733634711968,510.0349570388517
57,0.0901083,-0.0170683,0.0994573,-0.00141717,0.000385298,0.000370807,0.0068966,-0.0043277,-0.0146147,3.6070000000000026e-05,0.0001772,0.0003311791,4.756309156000004e-05,1.8728987290000016e-05,0.00021358945609,1.3010449000000019e-09,3.139984e-08,1.0967959627681e-07,0.00811950572889,0.00029132686489,0.0098917545232899,2.0083708089e-06,1.48454548804e-07,1.37497831249e-07,741.8359999588422,500.7020527942313,510.3045892043252
58,0.106424,0.0391561,0.121507,-0.00185644,0.000269641,0.000408499,0.0163157,0.0562244,0.0220497,-0.00043927,-0.000115657,3.769199999999998e-05,0.00026620206649,0.00316118315536,0.00048618927009,1.929581329000001e-07,1.3376541649000005e-08,1.4206868639999982e-09,0.011326067776,0.00153320016721,0.014763951049,3.4463694736e-06,7.2706268881e-08,1.66871433001e-07,743.4654815105513,504.6327110399803,510.5952204609219
59,0.0967966,0.00111684,0.0964109,-0.00135133,0.000269641,0.000401382,-0.0096274,-0.03803926,-0.0250961,0.00050511,0.0,-7.117000000000007e-06,9.268683076000017e-05,0.0014469853013476,0.00062981423521,2.5513611210000005e-07,0.0,5.065168900000009e-11,0.00936958177156,1.2473315856e-06,0.0092950616388099,1.8260927689e-06,7.2706268881e-08,1.6110750992399998e-07,744.0557473587937,510.511730375886,510.75395057711137
60,0.106448,0.0418768,0.0932506,-0.00119555,0.000175904,0.000427744,0.0096514,0.04075996,-0.0031602999999999,0.0001557799999999,-9.3737e-05,2.636199999999999e-05,9.314952196000008e-05,0.0016613743392015,9.987496089999942e-06,2.4267408399999973e-08,8.786625168999998e-09,6.949550439999992e-10,0.011331176704,0.00175366637824,0.00869567440036,1.4293398025e-06,3.0942217216e-08,1.82964929536e-07,744.6046905058583,506.0095456947883,510.73103376077137
61,0.106442,0.0419111,0.0794495999999999,-0.000822493,4.98273e-05,0.000438196,-6.0000000000060005e-06,3.4300000000001e-05,-0.0138010000000001,0.000373057,-0.0001260767,1.0452000000000042e-05,3.600000000007201e-11,1.1764900000000684e-09,0.000190467601,1.391715252490001e-07,1.589533428289e-08,1.0924430400000087e-10,0.011329899364,0.0017565403032099,0.0063122389401599,6.76494735049e-07,2.48275982529e-09,1.9201573441600001e-07,744.0820530757363,508.6098293753134,510.9030153582085
62,0.106444,0.0133223,0.0964212,-0.00160929,8.00148e-05,0.000490485,2.000000000002e-06,-0.0285887999999999,0.0169716000000001,-0.000786797,3.0187499999999995e-05,5.2289000000000014e-05,4.000000000008001e-12,0.0008173194854399,0.00028803520656,6.19049519209e-07,9.112851562499996e-10,2.7341395210000016e-09,0.011330325136,0.00017748367729,0.00929704780944,2.5898143041e-06,6.4023682190399994e-09,2.40575535225e-07,742.5270707267156,508.8092710932096,510.3876842379664
63,0.106454,0.0937638,0.1156,-0.00180186,2.51993e-05,0.000269458,9.999999999996125e-06,0.0804415,0.0191787999999999,-0.0001925699999999,-5.48155e-05,-0.000221027,9.999999999992248e-11,0.00647083492225,0.0003678263694399,3.70832049e-08,3.0047390402499996e-09,4.8852934729000024e-08,0.0113324541159999,0.0087916501904399,0.01336336,3.2466994596e-06,6.3500472049e-10,7.260761376399998e-08,742.1481407864288,509.11402234749664,510.4972630568509
64,0.106388,0.00516844,0.0897349999999999,-0.00110707,0.000269642,0.000201695,-6.599999999999662e-05,-0.08859536,-0.025865,0.00069479,0.0002444427,-6.776299999999998e-05,4.3559999999995536e-09,0.0078491378135296,0.000668998225,4.827331441000001e-07,5.975223358329e-08,4.591824168999997e-09,0.011318406544,2.67127720336e-05,0.0080523702249999,1.2256039848999998e-06,7.2706808164e-08,4.0680873025e-08,741.1389022000853,503.1302321429054,509.7692753873247
65,0.100762,0.0449481,0.106603,-0.00134944,0.000131595,0.000318746,-0.0056259999999999,0.0397796599999999,0.0168680000000001,-0.00024237,-0.000138047,0.000117051,3.1651875999999914e-05,0.0015824213497155,0.000284529424,5.87432169e-08,1.9056974209e-08,1.3700936601000004e-08,0.010152980644,0.00202033169361,0.011364199609,1.8209883136e-06,1.7317244025e-08,1.01599012516e-07,740.1716924684997,506.9576008561585,509.6416699514029
66,0.110539,0.0332601,0.11807,-0.00135641,5.89422e-05,0.000222061,0.0097769999999999,-0.0116879999999999,0.0114669999999999,-6.970000000000023e-06,-7.265280000000001e-05,-9.668500000000004e-05,9.558972899999987e-05,0.0001366093439999,0.0001314920889999,4.858090000000032e-11,5.278429347840001e-09,9.347989225000006e-09,0.012218870521,0.00110623425201,0.0139405249,1.8398480881e-06,3.47418294084e-09,4.931108772099999e-08,739.5937858039952,505.4413859325978,509.85171839439226
67,0.116597,0.0243503,0.138643,-0.00172958,8.6839e-05,0.000326077,0.006058,-0.0089098,0.0205729999999999,-0.00037317,2.78968e-05,0.0001040159999999,3.669936400000009e-05,7.938453604000004e-05,0.0004232483289999,1.392558489000001e-07,7.7823145024e-10,1.0819328255999998e-08,0.013594860409,0.0005929371100899,0.0192218814489999,2.9914469764000003e-06,7.541011921e-09,1.06326209929e-07,740.19304912603,502.8634569618437,510.61600860227134
68,0.106385,0.00414602,0.131885,-0.00212179,0.000269642,0.00025086,-0.010212,-0.0202042799999999,-0.0067579999999999,-0.00039221,0.000182803,-7.521699999999998e-05,0.000104284944,0.0004082129303183,4.5670563999999815e-05,1.5382868410000006e-07,3.3416936809e-08,5.6575970889999974e-09,0.0113177682249999,1.71894818404e-05,0.017393653225,4.501992804100001e-06,7.2706808164e-08,6.29307396e-08,740.6804708865706,504.3515264978012,510.6365282620905
69,0.106435,-0.00816491,0.155445,-0.00219028,6.69268e-05,0.000342161,5.000000000000837e-05,-0.01231093,0.0235599999999999,-6.849000000000004e-05,-0.0002027152,9.1301e-05,2.500000000000837e-09,0.0001515589974649,0.0005550735999999,4.690880100000006e-09,4.109345231104e-08,8.335872601000002e-09,0.011328409225,6.666575530809999e-05,0.024163148025,4.797326478400001e-06,4.479196558240001e-09,1.17074149921e-07,740.4709085910494,508.5336078950101,510.76455559755993
70,0.0625968,0.0224588,0.218502,-0.00307751,-6.03208e-05,3.96279e-05,-0.0438382,0.03062371,0.063057,-0.0008872299999999,-0.0001272476,-0.0003025331,0.00192178777924,0.000937811614164,0.003976185249,7.871770728999995e-07,1.619195170576e-08,9.152627659561e-08,0.0039183593702399,0.00050439769744,0.047743124004,9.4710678001e-06,3.63859891264e-09,1.57037045841e-09,738.7433614570078,505.3795738134119,510.23808249380863
71,0.0876528,0.0313857,0.141001,-0.0013051,-9.96288e-05,0.000330823,0.025056,0.0089269,-0.077501,0.0017724099999999,-3.9308e-05,0.0002911951,0.000627803136,7.968954361000002e-05,0.006006405001,3.1414372080999994e-06,1.545118864e-09,8.479458626401e-08,0.00768301334784,0.00098506216449,0.0198812820009999,1.70328601e-06,9.92589778944e-09,1.09443857329e-07,739.5717865766288,506.3612957063648,510.1001596962208
72,0.103686,0.0879362,0.155221,-0.00165238,-9.80296e-05,0.000190657,0.0160331999999999,0.0565505,0.01422,-0.0003472799999999,1.59920000000001e-06,-0.000140166,0.0002570635022399,0.00319795905025,0.0002022084,1.2060339839999998e-07,2.557440640000033e-12,1.9646507556e-08,0.010750786596,0.00773277527044,0.024093558841,2.7303596644e-06,9.60980247616e-09,3.6350091649e-08,738.419175624183,506.21976076679096,510.2243899357611
73,0.102806,-0.0376819,0.14581,-0.00131469,-8.80595e-07,0.000276867,-0.00088,-0.1256181,-0.009411,0.0003376899999999,9.7149005e-05,8.620999999999998e-05,7.744000000000102e-07,0.01577990704761,8.856692100000005e-05,1.1403453609999993e-07,9.437929172490025e-09,7.432164099999996e-09,0.010569073636,0.0014199255876099,0.0212605560999999,1.7284097961000005e-06,7.75447554025e-13,7.665533568899999e-08,738.7918780977819,501.90624444948304,509.674002798557
74,0.11716,0.111381,0.155367,-0.0017657,-0.000314104,0.000232048,0.014354,0.1490629,0.009557,-0.0004510099999999,-0.000313223405,-4.481899999999998e-05,0.000206037316,0.02221974815641,9.13362490000002e-05,2.034100201e-07,9.810890143979404e-08,2.0087427609999982e-09,0.0137264656,0.0124057271609999,0.024138904689,3.11769649e-06,9.8661322816e-08,5.3846274304e-08,739.0574097969134,502.21476637770735,509.64232197797656
75,0.125626,0.0338105,0.155451,-0.00164434,-0.000131202,0.000432729,0.0084659999999999,-0.0775704999999999,8.400000000000074e-05,0.00012136,0.000182902,0.000200681,7.167315599999979e-05,0.0060171824702499,7.0560000000001245e-09,1.4728249600000013e-08,3.3453141604e-08,4.0272863761000015e-08,0.0157818918759999,0.00114314991025,0.024165013401,2.7038540356e-06,1.7213964803999997e-08,1.8725438744100002e-07,738.1368892344959,506.77108716319,509.75161313807854
76,0.129772,0.0412088,0.174984,-0.00185975,2.25226e-05,0.000485848,0.004146,0.0073982999999999,0.0195329999999999,-0.00021541,0.0001537245999999,5.311899999999997e-05,1.718931600000009e-05,5.473484288999995e-05,0.0003815380889999,4.640146810000003e-08,2.363125264516e-08,2.821628160999996e-09,0.016840771984,0.0016981651974399,0.030619400256,3.4586700625e-06,5.0726751076e-10,2.3604827910400006e-07,736.9504352732941,502.08979547007215,509.3247850365889
77,0.136867,0.0342177,0.181766,-0.0022161,-0.000103763,0.000618483,0.0070949999999999,-0.0069911,0.006782,-0.0003563499999999,-0.0001262856,0.0001326349999999,5.033902499999986e-05,4.887547921e-05,4.599552400000014e-05,1.269853224999999e-07,1.594805276736e-08,1.7592043224999996e-08,0.0187325756889999,0.0011708509932899,0.033038878756,4.91109921e-06,1.0766760169e-08,3.82521221289e-07,735.8646575681472,504.324189111756,508.8716840996301
78,0.13049,0.0048282,0.175006,-0.002362,-2.25692e-05,0.000398756,-0.0063769999999999,-0.0293894999999999,-0.00676,-0.0001459,8.11938e-05,-0.0002197269999999,4.066612899999992e-05,0.0008637427102499,4.569760000000022e-05,2.1286810000000013e-08,6.5924331584399996e-09,4.827995452899999e-08,0.0170276400999999,2.331151524e-05,0.030627100036,5.579044e-06,5.0936878864e-10,1.59006347536e-07,734.4243713167026,499.0581736245089,508.3731330750345
79,0.129853,0.0430506,0.154925,-0.00214246,-0.000121599,0.00055078,-0.0006369999999999,0.0382224,-0.0200809999999999,0.0002195399999999,-9.90298e-05,0.0001520239999999,4.057689999999983e-07,0.00146095186176,0.0004032465609999,4.819781159999993e-08,9.80690128804e-09,2.3111296575999986e-08,0.016861801609,0.00185335416036,0.024001755625,4.590134851600001e-06,1.4786316801e-08,3.033586084e-07,734.7466339282837,497.6420162272122,508.3087166850042
80,0.125649,0.0988572,0.145523,-0.00152919,-0.000314105,0.000358382,-0.0042039999999999,0.0558066,-0.0094019999999999,0.00061327,-0.000192506,-0.0001923979999999,1.7673615999999878e-05,0.00311437660356,8.839760399999988e-05,3.761000929000002e-07,3.7058560036e-08,3.701699040399997e-08,0.015787671201,0.00977274599184,0.021176943529,2.3384220561e-06,9.866195102500001e-08,1.2843765792400005e-07,736.5539173213838,500.0003034411205,509.1685863176856
81,0.125593,-0.0464313,0.132507,-0.00143885,-9.49234e-05,0.000451393,-5.6000000000000494e-05,-0.1452885,-0.013016,9.033999999999997e-05,0.0002191816,9.3011e-05,3.1360000000000553e-09,0.02110874823225,0.0001694162559999,8.161315599999991e-09,4.8040573778560014e-08,8.651046120999999e-09,0.015773601649,0.00215586561969,0.017558105049,2.0702893225e-06,9.01045186756e-09,2.0375564044900002e-07,739.1093532274648,499.2423979797297,509.8808678176867
82,0.137006,0.0570413,0.145475,-0.00214453,7.65481e-05,0.000434497,0.0114129999999999,0.1034726,0.0129679999999999,-0.00070568,0.0001714715,-1.6896000000000023e-05,0.0001302565689999,0.01070657895076,0.0001681690239999,4.979842624e-07,2.940247531225e-08,2.8547481600000076e-10,0.0187706440359999,0.00325370990569,0.0211629756249999,4.5990089209e-06,5.859611613610001e-09,1.88787643009e-07,742.0173594977186,499.7463216180603,510.70522117935406
83,0.146387,0.0765954999999999,0.129733,-0.00192376,7.84078e-05,0.000235941,0.009381,0.0195541999999998,-0.015742,0.0002207699999999,1.859699999999992e-06,-0.000198556,8.800316100000001e-05,0.0003823667376399,0.000247810564,4.873939289999997e-08,3.4584840899999688e-12,3.9424485136e-08,0.021429153769,0.0058668706202499,0.0168306512889999,3.7008525376e-06,6.14778310084e-09,5.5668155481000006e-08,741.8581630078546,506.2505994929208,511.4860613558536
84,0.146419,0.0284843,0.135512,-0.00165908,3.29624e-05,0.000336228,3.200000000000425e-05,-0.0481111999999998,0.005779,0.00026468,-4.54454e-05,0.0001002869999999,1.024000000000272e-09,0.0023146875654399,3.339684100000007e-05,7.00555024e-08,2.06528438116e-09,1.0057482368999996e-08,0.0214385235609999,0.00081135534649,0.018363502144,2.7525464464000003e-06,1.08651981376e-09,1.13049267984e-07,740.3614667548565,505.9341322160429,510.9061796048161
85,0.16554,0.044414,0.169063,-0.00237689,-0.000314105,0.000630621,0.019121,0.0159297,0.033551,-0.0007178099999999,-0.0003470674,0.000294393,0.0003656126409999,0.00025375534209,0.001125669601,5.152511960999999e-07,1.2045578014276002e-07,8.666723844900006e-08,0.0274034915999999,0.001972603396,0.0285822979689999,5.6496060721e-06,9.866195102500001e-08,3.976828456410001e-07,738.5580327964201,506.7176243934367,510.00578843830505
86,0.165497,0.0445263,0.154988,-0.00185007,-0.000251044,0.000674863,-4.299999999998749e-05,0.0001122999999999,-0.014075,0.0005268199999999,6.3061e-05,4.4242e-05,1.8489999999989238e-09,1.2611289999999045e-08,0.000198105625,2.775393123999999e-07,3.976689721e-09,1.957354564e-09,0.027389257009,0.00198259139169,0.0240212801439999,3.4227590049000005e-06,6.302308993600002e-08,4.554400687690001e-07,736.5117425980368,503.5435249398152,509.1202979967281
87,0.170542,0.0444696,0.166329,-0.00180685,-0.000314105,0.0008061859999999,0.0050449999999999,-5.6699999999999806e-05,0.011341,4.3220000000000064e-05,-6.3061e-05,0.0001313229999998,2.545202499999994e-05,3.214889999999978e-09,0.000128618281,1.867968400000005e-09,3.976689721e-09,1.7245730328973724e-08,0.029084573764,0.00197754532416,0.027665336241,3.2647069225000003e-06,9.866195102500001e-08,6.499358665958388e-07,735.6390878780729,500.7295248472028,508.261137922377
88,0.173588,0.0714345,0.179485,-0.0024598,-0.000314105,0.000973691,0.0030459999999999,0.0269649,0.013156,-0.0006529499999999,0.0,0.0001675050000001,9.278115999999958e-06,0.00072710583201,0.000173080336,4.263437024999997e-07,0.0,2.805792502503352e-08,0.030132793744,0.0051028877902499,0.032214865225,6.050616039999999e-06,9.866195102500001e-08,9.48074163481e-07,735.564403908505,503.2040296185348,508.3189189831573
89,0.165546,-0.0059825,0.164971,-0.00204386,-0.000116872,0.000713867,-0.0080419999999999,-0.077417,-0.0145139999999999,0.0004159399999999,0.000197233,-0.000259824,6.46737639999999e-05,0.005993391889,0.0002106561959999,1.730060835999997e-07,3.8900856289e-08,6.750851097600003e-08,0.027405478116,3.579030625e-05,0.027215430841,4.177363699600001e-06,1.3659064384e-08,5.096060936889999e-07,735.5406744552589,494.86141353233,508.1332448276726
90,0.165594,0.049205,0.169164,-0.00201466,-0.000314105,0.000713867,4.799999999999249e-05,0.0551875,0.004193,2.920000000000006e-05,-0.000197233,0.0,2.3039999999992794e-09,0.00304566015625,1.7581249000000018e-05,8.526400000000033e-10,3.8900856289e-08,0.0,0.0274213728359999,0.002421132025,0.028616458896,4.0588549156e-06,9.866195102500001e-08,5.096060936889999e-07,737.6925600473476,501.0472041264176,508.705896754643
91,0.165625,0.082083,0.169192,-0.00203709,-0.00023611,0.00100739,3.100000000000325e-05,0.032878,2.8000000000000247e-05,-2.2429999999999933e-05,7.799500000000003e-05,0.0002935229999999,9.61000000000201e-10,0.001080962884,7.840000000000136e-10,5.03104899999997e-10,6.083220025000004e-09,8.615575152899999e-08,0.027431640625,0.006737618889,0.028625932864,4.1497356681e-06,5.57479321e-08,1.0148346121e-06,738.8974099077433,503.7338093067209,509.3851358491597
92,0.165594,0.0285807,0.121305,-0.00126887,-0.000314105,0.000713867,-3.100000000000325e-05,-0.0535023,-0.047887,0.00076822,-7.799500000000003e-05,-0.0002935229999999,9.61000000000201e-10,0.00286249610529,0.002293164769,5.901619684000001e-07,6.083220025000004e-09,8.615575152899999e-08,0.0274213728359999,0.00081685641249,0.0147149030249999,1.6100310769000002e-06,9.866195102500001e-08,5.096060936889999e-07,739.2993586594318,502.15268492466873,509.0616156050959
93,0.16564,0.102652,0.150941,-0.00202109,-0.000314105,0.000983827,4.600000000001825e-05,0.0740712999999999,0.0296359999999999,-0.00075222,0.0,0.00026996,2.116000000001679e-09,0.0054865574836899,0.0008782924959999,5.658349284000001e-07,0.0,7.287840160000006e-08,0.0274366096,0.0105374331039999,0.0227831854809999,4.0848047881e-06,9.866195102500001e-08,9.67915565929e-07,739.1522393407,506.5044466490546,509.3370968324804
94,0.167633,0.0478584,0.127851,-0.0014096,-0.000314105,0.000713867,0.0019929999999999,-0.0547935999999999,-0.02309,0.00061149,0.0,-0.00026996,3.972048999999979e-06,0.0030023386009599,0.0005331480999999,3.739200201000002e-07,0.0,7.287840160000006e-08,0.028100822689,0.00229042645056,0.016345878201,1.98697216e-06,9.866195102500001e-08,5.096060936889999e-07,738.8494879619863,501.9403151818448,509.2056559461252
95,0.169784,0.0445135,0.131718,-0.00139764,-0.000314105,0.0008561149999999,0.0021509999999999,-0.0033449,0.003867,1.1960000000000096e-05,0.0,0.0001422479999999,4.626800999999941e-06,1.1188356010000033e-05,1.4953689000000072e-05,1.430416000000023e-10,0.0,2.0234493503971563e-08,0.0288266066559999,0.00198145168225,0.017349631524,1.9533975696e-06,9.866195102500001e-08,7.329328932248288e-07,737.6641194126961,503.8063947800133,508.6573974839117
96,0.176495,0.106057,0.155257,-0.00174515,-0.000314105,0.000953355,0.006711,0.0615435,0.023539,-0.00034751,0.0,9.724000000010004e-05,4.50375210000003e-05,0.00378760239225,0.000554084521,1.207632001000001e-07,0.0,9.455617600019453e-09,0.031150485025,0.011248087249,0.024104736049,3.0455485225e-06,9.866195102500001e-08,9.08885756025e-07,736.7880610923202,504.0127045111524,508.649074556471
97,0.180427,0.0290091,0.150876,-0.00124923,-0.000448942,0.000882869,0.0039319999999999,-0.0770479,-0.0043809999999999,0.00049592,-0.000134837,-7.048600000000003e-05,1.546062399999993e-05,0.00593637889441,1.9193160999999964e-05,2.459366464e-07,1.8181016569e-08,4.968276196000004e-09,0.032553902329,0.0008415278828099,0.022763567376,1.5605755929000002e-06,2.0154891936400002e-07,7.79457671161e-07,736.3949100866636,497.64430556495984,508.1574465199079
98,0.172361,0.0362232,0.153057,-0.00181229,-0.000314105,0.00094968,-0.008066,0.0072140999999999,0.0021809999999999,-0.00056306,0.000134837,6.681099999999995e-05,6.506035600000029e-05,5.204323880999996e-05,4.75676099999995e-06,3.170365636e-07,1.8181016569e-08,4.463709720999993e-09,0.0297083143209999,0.0013121202182399,0.023426445249,3.2843950441e-06,9.866195102500001e-08,9.018921024e-07,738.2997257066907,501.4995503319634,508.5617797046051
99,0.170979,0.0308664,0.135275,-0.00166621,-0.00021994,0.000966169,-0.0013819999999999,-0.0053567999999999,-0.0177819999999999,0.00014608,9.4165e-05,1.6489000000000065e-05,1.9099239999999843e-06,2.869530623999998e-05,0.0003161995239999,2.133936640000001e-08,8.867047225000001e-09,2.718871210000021e-10,0.029233818441,0.0009527346489599,0.018299325625,2.7762557641e-06,4.8373603600000006e-08,9.33482536561e-07,739.9502819033246,499.23741530345546,508.85806825059126
100,0.174173,0.105545,0.120659,-0.00185765,-0.000314105,0.000973303,0.003194,0.0746786,-0.014616,-0.0001914399999999,-9.4165e-05,7.134000000000003e-06,1.0201636000000016e-05,0.00557689329796,0.000213627456,3.66492736e-08,8.867047225000001e-09,5.0893956000000046e-11,0.030336233929,0.011139747025,0.014558594281,3.4508635225e-06,9.866195102500001e-08,9.47318729809e-07,741.7683737848538,501.89156575451295,509.49690087479127
101,0.170147,0.0142933,0.104368,-0.00117347,-0.000214336,0.00103094,-0.004026,-0.0912517,-0.016291,0.0006841799999999,9.9769e-05,5.763699999999992e-05,1.6208676000000014e-05,0.00832687275289,0.000265396681,4.681022723999999e-07,9.953853361000005e-09,3.3220237689999913e-09,0.028950001609,0.00020429842489,0.010892679424,1.3770318409e-06,4.5939920896e-08,1.0628372836e-06,741.3510205621137,507.7961718064216,509.76183461348376
102,0.165678,0.132221,0.153102,-0.0027633,-0.000314105,0.00105436,-0.004469,0.1179277,0.0487339999999999,-0.0015898299999999,-9.9769e-05,2.3420000000000125e-05,1.9971961000000008e-05,0.01390694242729,0.0023750027559999,2.527559428899999e-06,9.953853361000005e-09,5.484964000000058e-10,0.0274491996839999,0.017482392841,0.0234402224039999,7.635826889999998e-06,9.866195102500001e-08,1.1116750096000002e-06,740.0434268519183,503.73973465147947,509.2978218200416
103,0.146948,0.0730583,0.0979474,-0.00231204,-0.000314105,0.000713868,-0.0187299999999999,-0.0591627,-0.0551545999999999,0.0004512599999999,0.0,-0.000340492,0.0003508128999999,0.00350022507129,0.0030420299011599,2.0363558759999978e-07,0.0,1.1593480206400004e-07,0.0215937147039999,0.00533751519889,0.00959369316676,5.3455289616e-06,9.866195102500001e-08,5.096075214239999e-07,738.9506324936144,501.5869491671522,509.0063467643495
104,0.157537,0.108985,0.125761,-0.00235022,-0.000586466,0.000650009,0.010589,0.0359266999999999,0.0278136,-3.818000000000007e-05,-0.000272361,-6.385899999999999e-05,0.000112126921,0.0012907277728899,0.00077359634496,1.457712400000005e-09,7.4180514321e-08,4.077971880999998e-09,0.024817906369,0.0118777302249999,0.015815829121,5.523534048400001e-06,3.439423691560001e-07,4.2251170008100003e-07,738.5815969319319,504.376709213025,508.5107682138399
105,0.170176,0.0324757,0.118391,-0.00246134,-0.000473037,0.000662546,0.0126389999999999,-0.0765093,-0.00737,-0.0001111199999999,0.000113429,1.2536999999999965e-05,0.0001597443209999,0.00585367298649,5.431690000000023e-05,1.2347654399999937e-08,1.2866138041000005e-08,1.5717636899999908e-10,0.0289598709759999,0.00105467109049,0.014016428881,6.058194595599999e-06,2.23764003369e-07,4.38967202116e-07,738.3415024706048,500.0598262225588,508.3495258776164
106,0.185973,0.0541641,0.125822,-0.00270766,-0.000546491,0.000876954,0.015797,0.0216883999999999,0.0074309999999999,-0.00024632,-7.345399999999998e-05,0.000214408,0.000249545209,0.0004703866945599,5.52197609999999e-05,6.067354240000019e-08,5.395490115999997e-09,4.597079046400001e-08,0.034585956729,0.00293374972881,0.015831175684,7.331422675600001e-06,2.98652413081e-07,7.69048318116e-07,737.9952403618769,504.5816722749008,508.2582038027953
107,0.192415,0.09882,0.148718,-0.0024228,-0.000420914,0.00103398,0.006442,0.0446559,0.022896,0.00028486,0.0001255769999999,0.000157026,4.149936400000004e-05,0.00199414940481,0.000524226816,8.114521960000005e-08,1.5769582928999995e-08,2.465716467600004e-08,0.037023532225,0.0097653924,0.0221170435239999,5.8699598400000006e-06,1.77168595396e-07,1.0691146404e-06,738.1014932862992,502.5562817028827,508.6424775817255
108,0.193339,0.0472567,0.130579,-0.00244535,-0.000449453,0.00111775,0.000924,-0.0515633,-0.0181389999999999,-2.2550000000000087e-05,-2.853900000000001e-05,8.376999999999994e-05,8.537760000000151e-07,0.00265877390689,0.0003290233209999,5.085025000000041e-10,8.144745210000001e-10,7.017412899999989e-09,0.037379968921,0.00223319569489,0.017050875241,5.979736622500001e-06,2.02007999209e-07,1.2493650625e-06,737.992591537908,501.2387004956603,508.74421290447344
109,0.185992,0.0270222,0.14875,-0.00248255,-0.000418281,0.00117314,-0.007347,-0.0202345,0.0181709999999999,-3.719999999999982e-05,3.117199999999999e-05,5.539e-05,5.397840900000029e-05,0.0004094349902499,0.0003301852409999,1.3838399999999862e-09,9.716935839999996e-10,3.0680521e-09,0.034593024064,0.00073019929284,0.0221265625,6.1630545025e-06,1.74958994961e-07,1.3762574596e-06,738.5353049741525,504.0840779821078,509.0613279463134
110,0.185986,0.0956354,0.141014,-0.00220529,-0.000314105,0.00103663,-5.999999999978245e-06,0.0686132,-0.0077359999999999,0.00027726,0.0001041759999999,-0.00013651,3.599999999973894e-11,0.00470777121424,5.984569599999989e-05,7.687310760000007e-08,1.0852638975999997e-08,1.8634980100000016e-08,0.034590792196,0.0091461297331599,0.019884948196,4.8633039841e-06,9.866195102500001e-08,1.0746017569e-06,738.9715926877999,502.34862530248034,509.4440675450701
111,0.185981,0.0603444,0.11575,-0.00191723,-0.000314106,0.000995272,-5.000000000005e-06,-0.0352909999999999,-0.0252639999999999,0.0002880599999999,-9.999999999615351e-10,-4.135800000000002e-05,2.5000000000050003e-11,0.0012454546809999,0.0006382696959999,8.297856359999995e-08,9.999999999230705e-19,1.7104841640000012e-09,0.034588932361,0.00364144661136,0.0133980625,3.6757708729e-06,9.866257923600001e-08,9.90566353984e-07,738.7183012334029,501.2980886101723,508.96431022759856
112,0.198545,0.147749,0.154146,-0.00261485,-0.000375377,0.000808446,0.0125639999999999,0.0874046,0.038396,-0.00069762,-6.1271e-05,-0.0001868259999999,0.0001578540959999,0.00763956410116,0.0014742528159999,4.866736644000002e-07,3.7541354410000005e-09,3.4903954275999986e-08,0.039420117025,0.021829767001,0.023760989316,6.837440522500001e-06,1.4090789212899998e-07,6.53584934916e-07,739.131383872681,505.9846323134171,509.25856598485495
113,0.191983,-0.00614768,0.141682,-0.0023219,-0.000314106,0.000713868,-0.006562,-0.1538966799999999,-0.012464,0.00029295,6.1271e-05,-9.4578e-05,4.305984400000016e-05,0.0236841881150223,0.000155351296,8.58197025000001e-08,3.7541354410000005e-09,8.944998084e-09,0.0368574722889999,3.77939693824e-05,0.020073789124,5.39121961e-06,9.866257923600001e-08,5.096075214239999e-07,738.8062128658468,500.63498866491847,508.8100867656684
114,0.197214,0.0778463999999999,0.154233,-0.00252235,-0.000149713,0.000713868,0.005231,0.0839940799999999,0.012551,-0.00020045,0.0001643929999999,0.0,2.7363361000000145e-05,0.0070550054750463,0.000157527601,4.0180202500000006e-08,2.7025058449e-08,0.0,0.038893361796,0.0060600619929599,0.023787818289,6.3622495225e-06,2.2413982369e-08,5.096075214239999e-07,737.9681798684913,503.6565104910069,508.4200022793316
115,0.195286,0.0951302,0.154127,-0.00217587,-0.000314106,0.000713868,-0.001928,0.0172838000000001,-0.000106,0.00034648,-0.0001643929999999,0.0,3.71718400000005e-06,0.00029872974244,1.1236000000004821e-08,1.200483904000001e-07,2.7025058449e-08,0.0,0.038136621796,0.0090497549520399,0.0237551321289999,4.7344102569e-06,9.866257923600001e-08,5.096075214239999e-07,737.2130922391544,503.0253266072936,509.0344606160269
116,0.201064,0.0230577,0.143835,-0.00173438,-0.000215807,0.000713868,0.005778,-0.0720725,-0.0102919999999999,0.0004414899999999,9.8299e-05,0.0,3.3385284000000064e-05,0.0051944452562499,0.0001059252639999,1.949134200999999e-07,9.662693400999997e-09,0.0,0.040426732096,0.00053165752929,0.0206885072249999,3.0080739844e-06,4.6572661249e-08,5.096075214239999e-07,736.9363039732099,500.180757122404,508.5372711763352
117,0.20358,0.0304652,0.177888,-0.00235589,-0.00024563,0.000713868,0.002516,0.0074075,0.034053,-0.0006215099999999,-2.9823e-05,0.0,6.330256000000091e-06,5.4871056250000016e-05,0.001159606809,3.8627468009999977e-07,8.89411329e-10,0.0,0.0414448164,0.00092812841104,0.031644140544,5.550217692099999e-06,6.03340969e-08,5.096075214239999e-07,737.0011967942519,502.11417018373805,508.66025489448464
118,0.206399,0.0762455999999999,0.16827,-0.00206164,-0.000314106,0.000845653,0.0028189999999999,0.0457803999999999,-0.0096179999999999,0.0002942499999999,-6.847599999999999e-05,0.000131785,7.946760999999934e-06,0.0020958450241599,9.250592399999976e-05,8.658306249999988e-08,4.688962575999998e-09,1.736728622500001e-08,0.042600547201,0.0058133915193599,0.0283147929,4.2503594896e-06,9.866257923600001e-08,7.15128996409e-07,738.167618135886,504.3804798869623,509.2693627778252
119,0.17743,-0.00159352,0.15138,-0.00213887,-0.000212103,0.000543841,-0.0289689999999999,-0.0778391199999999,-0.01689,-7.723000000000018e-05,0.0001020029999999,-0.000301812,0.0008392029609999,0.0060589286023743,0.0002852721,5.964472900000028e-09,1.0404612008999996e-08,9.109048334400005e-08,0.0314814049,2.5393059904e-06,0.0229159043999999,4.574764876900001e-06,4.4987682609e-08,2.95763033281e-07,739.2346924957359,499.61232802636096,509.3982147351379
120,0.168933,0.0334946,0.14464,-0.00162402,-0.000233386,0.000451132,-0.008497,0.03508812,-0.0067399999999999,0.00051485,-2.128300000000001e-05,-9.2709e-05,7.219900900000008e-05,0.0012311761651344,4.542759999999994e-05,2.650705225000001e-07,4.5296608900000015e-10,8.594958681000002e-09,0.028538358489,0.00112188822916,0.0209207295999999,2.6374409604e-06,5.4469024996e-08,2.03520081424e-07,739.5590795524093,502.8595516209801,509.5530326918852
121,0.185866,0.0272227,0.161836,-0.00166306,-8.09764e-05,0.000589343,0.016933,-0.0062719,0.017196,-3.903999999999995e-05,0.0001524095999999,0.000138211,0.000286726489,3.933672961000001e-05,0.000295702416,1.5241215999999963e-09,2.322868617216e-08,1.9102280521e-08,0.034546169956,0.00074107539529,0.026190890896,2.7657685636000003e-06,6.557177356960001e-09,3.47325171649e-07,739.0838883120306,505.43869259407126,509.4334817018737
122,0.185853,0.04365,0.151397,-0.00119573,-2.66414e-05,0.000713868,-1.3000000000013e-05,0.0164273,-0.010439,0.0004673299999999,5.433500000000001e-05,0.000124525,1.6900000000033802e-10,0.00026985618529,0.000108972721,2.1839732890000005e-07,2.9522922250000007e-09,1.5506475625e-08,0.0345413376089999,0.0019053225,0.022921051609,1.4297702329000003e-06,7.097641939599998e-10,5.096075214239999e-07,738.3976903030767,503.0268079434832,508.6950232526641
123,0.197135,0.096193,0.182838,-0.00179792,-0.000127845,0.000713868,0.011282,0.052543,0.031441,-0.0006021899999999,-0.0001012036,0.0,0.000127283524,0.002760766849,0.0009885364809999,3.626327960999998e-07,1.024216865296e-08,0.0,0.038862208225,0.009253093249,0.033429734244,3.2325163264e-06,1.6344344025e-08,5.096075214239999e-07,737.4118587629953,506.8599673345685,508.60684624719846
124,0.202294,0.0884757999999999,0.168263,-0.00139752,-0.000166461,0.000713868,0.0051589999999999,-0.0077172000000001,-0.014575,0.0004004,-3.8616e-05,0.0,2.6615280999999967e-05,5.955517584000161e-05,0.000212430625,1.6032015999999997e-07,1.4911954559999994e-09,0.0,0.040922862436,0.0078279671856399,0.0283124371689999,1.9530621504e-06,2.7709264521e-08,5.096075214239999e-07,736.5499280024833,502.3111878969603,508.7539741258267
125,0.204271,0.0028619,0.169553,-0.00103197,-0.00024216,0.000713868,0.001977,-0.0856138999999999,0.00129,0.00036555,-7.569900000000001e-05,0.0,3.9085290000000255e-06,0.0073297398732099,1.6641000000000344e-06,1.3362680250000006e-07,5.730338601000001e-09,0.0,0.041726641441,8.19047161e-06,0.028748219809,1.0649620809e-06,5.86414656e-08,5.096075214239999e-07,735.6216943579014,501.5718664714032,507.84932560933447
126,0.199304,0.131784,0.203848,-0.00151342,-0.000314106,0.000713868,-0.0049669999999999,0.1289221,0.0342949999999999,-0.00048145,-7.194599999999998e-05,0.0,2.467108899999999e-05,0.01662090786841,0.0011761470249999,2.3179410250000002e-07,5.176226915999997e-09,0.0,0.039722084416,0.017367022656,0.041554007104,2.2904400964e-06,9.866257923600001e-08,5.096075214239999e-07,736.1285031759976,503.3079924856623,508.23887313261065
127,0.202456,0.05176,0.182409,-0.00107899,-0.000224757,0.000713868,0.0031519999999999,-0.080024,-0.021439,0.0004344299999999,8.934899999999999e-05,0.0,9.935103999999926e-06,0.006403840576,0.000459630721,1.887294249e-07,7.983243800999998e-09,0.0,0.040988431936,0.0026790976,0.0332730432809999,1.1642194200999998e-06,5.051570904899999e-08,5.096075214239999e-07,737.0901437196562,496.2693562471204,508.38452436282194
128,0.213318,0.0879433,0.203956,-0.00159153,-0.000314106,0.000713868,0.010862,0.0361833,0.021547,-0.00051254,-8.934899999999999e-05,0.0,0.000117983044,0.00130923119889,0.000464273209,2.6269725160000015e-07,7.983243800999998e-09,0.0,0.045504569124,0.00773402401489,0.041598049936,2.5329677409e-06,9.866257923600001e-08,5.096075214239999e-07,740.9135748762822,502.37246134844094,509.5491205324431
129,0.204524,-0.0148592,0.185344,-0.0022085,-9.42308e-05,0.000774602,-0.0087939999999999,-0.1028025,-0.0186119999999999,-0.0006169699999999,0.0002198751999999,6.0734000000000005e-05,7.733443599999994e-05,0.01056835400625,0.0003464065439999,3.806519809e-07,4.834510357503999e-08,3.6886187560000005e-09,0.041830066576,0.0002207958246399,0.034352398336,4.87747225e-06,8.87944366864e-09,6.00008258404e-07,742.938569756747,504.1585487923688,509.72961682984254
130,0.185087,0.0194819,0.168928,-0.0022085,-4.83172e-05,0.000644529,-0.019437,0.0343411,-0.016416,0.0,4.59136e-05,-0.0001300729999999,0.000377796969,0.00117931114921,0.000269485056,0.0,2.10805866496e-09,1.6918985328999994e-08,0.034257197569,0.00037954442761,0.028536669184,4.87747225e-06,2.3345518158399997e-09,4.1541763184100004e-07,742.642235847909,505.0837105762627,510.1652281128247
131,0.167727,0.0191936,0.166795,-0.00190453,0.00010577,0.000713868,-0.01736,-0.0002882999999999,-0.0021329999999999,0.00030397,0.0001540872,6.933899999999997e-05,0.0003013696,8.311688999999902e-08,4.549688999999983e-06,9.23977609e-08,2.374286520384e-08,4.807896920999996e-09,0.0281323465289999,0.00036839428096,0.027820572025,3.6272345209e-06,1.11872929e-08,5.096075214239999e-07,741.6809049944856,508.364331568612,509.8542881461827
132,0.183977,0.0783819999999999,0.203848,-0.00248183,0.00018971,0.000713868,0.01625,0.0591883999999998,0.037053,-0.0005773,8.394e-05,0.0,0.0002640625,0.0035032666945599,0.001372924809,3.3327529e-07,7.0459235999999995e-09,0.0,0.033847536529,0.0061437379239999,0.041554007104,6.1594801489e-06,3.59898841e-08,5.096075214239999e-07,739.8516133974907,505.3459070818292,508.90069928215934
133,0.178907,-0.0389146,0.195624,-0.00210613,0.000166883,0.000384618,-0.0050699999999999,-0.1172965999999998,-0.008224,0.0003757,-2.2827000000000004e-05,-0.00032925,2.570489999999991e-05,0.0137584923715599,6.763417600000015e-05,1.4115049000000005e-07,5.21071929e-10,1.084055625e-07,0.032007714649,0.00151434609316,0.038268749376,4.435783576899999e-06,2.7849935689e-08,1.47931005924e-07,737.2368635828672,502.10205016036826,507.4444746388288
134,0.145713,0.0395003,0.211031,-0.00236371,0.000124759,0.000135635,-0.033194,0.0784149,0.015407,-0.00025758,-4.212399999999999e-05,-0.000248983,0.001101841636,0.00614889654201,0.000237375649,6.634745640000017e-08,1.774431375999999e-09,6.1992534289e-08,0.021232278369,0.00156027370009,0.044534082961,5.587124964100001e-06,1.5564808081e-08,1.8396853225e-08,737.600784019359,502.866419634223,507.91437484868624
135,0.16602,0.0263735,0.211023,-0.00222514,4.7247e-05,3.15475e-05,0.0203069999999999,-0.0131268,-8.000000000008e-06,0.00013857,-7.751200000000001e-05,-0.0001040875,0.0004123742489999,0.00017231287824,6.400000000012802e-11,1.9201644900000053e-08,6.008110144000002e-09,1.083420765625e-08,0.0275626404,0.00069556150225,0.0445307065289999,4.9512480196e-06,2.232279009e-09,9.9524475625e-10,738.9165673157765,499.6348174030582,507.70461406447936
136,0.169509,0.0962695,0.230423,-0.00257319,-0.000166592,-5.03315e-05,0.0034889999999999,0.0698959999999999,0.0194,-0.0003480499999999,-0.0002138389999999,-8.1879e-05,1.2173120999999944e-05,0.0048854508159999,0.00037636,1.2113880249999998e-07,4.572711792099999e-08,6.704170641000001e-09,0.0287333010809999,0.00926781663025,0.0530947589289999,6.6213067761e-06,2.7752894464e-08,2.5332598922499996e-09,739.8413218074976,500.9631719643871,508.1328421053771
137,0.167306,-0.0532773,0.211991,-0.00217262,1.1454e-05,5.6463e-05,-0.0022029999999999,-0.1495467999999999,-0.0184319999999999,0.0004005699999999,0.0001780459999999,0.0001067944999999,4.853208999999924e-06,0.0223642453902399,0.0003397386239999,1.604563248999999e-07,3.170037811599999e-08,1.1405065230249998e-08,0.027991297636,0.00283847069529,0.044940184081,4.7202776644e-06,1.31194116e-10,3.1880703689999998e-09,740.0405723158366,506.2251474438442,508.6002300952007
138,0.176821,0.0225975,0.226388,-0.00279924,8.61412e-05,0.000214601,0.0095149999999999,0.0758747999999999,0.0143969999999999,-0.00062662,7.46872e-05,0.000158138,9.053522499999991e-05,0.0057569852750399,0.0002072736089999,3.9265262440000003e-07,5.57817784384e-09,2.5007627044e-08,0.031265666041,0.00051064700625,0.051251526544,7.8357445776e-06,7.42030633744e-09,4.6053589201e-08,739.1722786926642,502.5079362763299,508.2241833574504
139,0.168791,0.0108898,0.204314,-0.00279635,8.58206e-05,7.66311e-05,-0.00803,-0.0117077,-0.022074,2.890000000000184e-06,-3.2059999999999825e-07,-0.0001379699,6.448090000000015e-05,0.00013707023929,0.000487261476,8.352100000001064e-12,1.0278435999999889e-13,1.903569330601e-08,0.0284904016809999,0.00011858774404,0.0417442105959999,7.8195733225e-06,7.36517538436e-09,5.87232548721e-09,738.2774362382344,502.2453357699845,508.4274622304248
140,0.17293,0.0197014,0.233734,-0.00289099,0.000128784,0.00011161,0.004139,0.0088116,0.02942,-9.464e-05,4.29634e-05,3.49789e-05,1.713132100000003e-05,7.764429456000001e-05,0.0008655364,8.9567296e-09,1.8458537395599998e-09,1.22352344521e-09,0.0299047849,0.00038814516196,0.054631582756,8.3578231801e-06,1.6585318656e-08,1.24567921e-08,739.0219068784179,503.82013080649904,508.368262052984
141,0.171176,-0.0210678,0.227814,-0.00289099,0.000191749,-0.000187334,-0.001754,-0.0407692,-0.00592,0.0,6.2965e-05,-0.000298944,3.07651600000002e-06,0.00166212766864,3.50464000000001e-05,0.0,3.964591225e-09,8.936751513599999e-08,0.0293012229759999,0.00044385219684,0.0518992185959999,8.3578231801e-06,3.6767679001e-08,3.5094027556e-08,740.3092562725803,501.0468001256386,507.9676109007029
142,0.167083,0.046808,0.22784,-0.00281001,0.000259504,-0.000187334,-0.0040929999999999,0.0678758,2.5999999999998247e-05,8.098000000000003e-05,6.775499999999996e-05,0.0,1.675264899999988e-05,0.00460712422564,6.759999999999086e-10,6.5577604000000046e-09,4.590740024999995e-09,0.0,0.027916728889,0.002190988864,0.0519110655999999,7.8961562001e-06,6.7342326016e-08,3.5094027556e-08,740.3322272091632,503.66970784978736,507.8790695274461
143,0.167938,0.0730061999999999,0.209862,-0.00207479,0.000508815,-0.000187334,0.0008549999999999,0.0261981999999998,-0.0179779999999999,0.00073522,0.000249311,0.0,7.310249999999908e-07,0.0006863456832399,0.0003232084839999,5.405484483999999e-07,6.215597472100003e-08,0.0,0.028203171844,0.0053299052384399,0.044042059044,4.3047535441e-06,2.588927042250001e-07,3.5094027556e-08,741.1544248620962,506.3789370737142,509.1688547992159
144,0.170882,-0.0188219,0.199911,-0.001936,0.000281253,-0.000187334,0.002944,-0.0918280999999999,-0.0099509999999999,0.0001387899999999,-0.000227562,0.0,8.667136000000012e-06,0.0084323999496099,9.902240099999975e-05,1.9262664099999992e-08,5.1784463844e-08,0.0,0.029200657924,0.0003542639196099,0.039964407921,3.748096e-06,7.910325000900001e-08,3.5094027556e-08,740.4814103814194,501.717037417988,508.8515863393587
145,0.176921,0.0537738,0.240658,-0.0028207,9.80168e-05,-0.000187334,0.0060389999999999,0.0725957,0.040747,-0.0008847,-0.0001832362,0.0,3.646952099999986e-05,0.00527013565849,0.001660318009,7.826940900000003e-07,3.3575504990440016e-08,0.0,0.031301040241,0.0028916215664399,0.057916272964,7.956348490000002e-06,9.607293082240001e-09,3.5094027556e-08,742.646667260841,506.0091416940093,509.941276162014
146,0.170117,0.0326611,0.202061,-0.00138066,5.70111e-05,-0.000366879,-0.006804,-0.0211126999999999,-0.038597,0.00144004,-4.1005700000000006e-05,-0.000179545,4.629441600000006e-05,0.0004457461012899,0.001489728409,2.073715201600001e-06,1.6814674324900003e-09,3.223640702500001e-08,0.0289397936889999,0.00106674745321,0.040828647721,1.9062220356e-06,3.25026552321e-09,1.3460020064100008e-07,742.8892953473538,508.860713859068,510.02630809812416
147,0.173476,0.0163485,0.216897,-0.00162056,9.69299e-05,-0.000322957,0.003359,-0.0163126,0.014836,-0.0002399,3.99188e-05,4.3922e-05,1.1282881000000006e-05,0.00026610091876,0.000220106896,5.755201000000008e-08,1.59351059344e-09,1.929142084e-09,0.0300939225759999,0.0002672734522499,0.047044308609,2.6262147136000003e-06,9.39540551401e-09,1.0430122384900001e-07,741.5510041536184,505.889422796501,509.3258589627104
148,0.198125,0.0614773,0.227879,-0.00209761,2.79135e-05,1.28682e-05,0.024649,0.0451288,0.0109819999999999,-0.00047705,-6.90164e-05,0.0003358252,0.000607573201,0.0020366085894399,0.0001206043239999,2.275767025000001e-07,4.763263468960001e-09,1.1277856495504e-07,0.039253515625,0.0037794584152899,0.051928838641,4.399967712100001e-06,7.791634822499997e-10,1.6559057123999999e-10,739.7614187346167,506.275916875071,508.9842353926005
149,0.190827,-0.0494155,0.216133,-0.00169432,-0.000143883,-8.631739999999998e-05,-0.0072979999999999,-0.1108928,-0.011746,0.00040329,-0.0001717965,-9.918559999999998e-05,5.326080399999999e-05,0.01229721309184,0.000137968516,1.6264282410000013e-07,2.951403741225e-08,9.837783247359997e-09,0.036414943929,0.00244189164025,0.0467134736889999,2.8707202624e-06,2.0702317689000003e-08,7.450693542759997e-09,738.2936560772966,508.1875138943394,508.6666600967085
150,0.184215,0.0508749,0.25549,-0.00214795,-8.83705e-05,-0.000187334,-0.006612,0.1002904,0.039357,-0.00045363,5.55125e-05,-0.0001010166,4.371854400000009e-05,0.01005816433216,0.001548973449,2.057801769e-07,3.08163765625e-09,1.0204353475560004e-08,0.0339351662249999,0.00258825545001,0.0652751401,4.6136892025e-06,7.80934527025e-09,3.5094027556e-08,737.8077176881005,503.77057337760925,508.2678307833834
151,0.185047,0.0227128,0.214944,-0.00197611,-7.37971e-05,-0.000187334,0.0008319999999999,-0.0281621,-0.040546,0.0001718399999999,1.4573399999999998e-05,0.0,6.92223999999999e-07,0.00079310387641,0.001643978116,2.952898559999997e-08,2.1238398755999998e-10,0.0,0.0342423922089999,0.0005158712838399,0.046200923136,3.9050107321e-06,5.4460119684100015e-09,3.5094027556e-08,737.3586668469301,502.2624384696285,508.23108716823066
152,0.175029,0.0484799,0.214969,-0.00198936,-7.13092e-05,-0.000187334,-0.0100179999999999,0.0257671,2.4999999999997247e-05,-1.3249999999999809e-05,2.4879000000000004e-06,0.0,0.0001003603239999,0.00066394344241,6.249999999998623e-10,1.755624999999949e-10,6.189646410000002e-12,0.0,0.0306351508409999,0.00235030070401,0.046211670961,3.9575532096e-06,5.0850020046400005e-09,3.5094027556e-08,737.5522097791934,504.0358672224813,508.2285941254489
153,0.178473,0.0453817,0.221565,-0.00186864,-0.000143883,-0.000310041,0.003444,-0.0030982,0.006596,0.0001207199999999,-7.25738e-05,-0.000122707,1.1861136000000018e-05,9.598843240000014e-06,4.350721600000024e-05,1.4573318399999988e-08,5.26695644644e-09,1.5057007849000002e-08,0.0318526117289999,0.0020594986948899,0.049091049225,3.4918154496e-06,2.0702317689000003e-08,9.6125421681e-08,738.1610637739498,504.9164542537597,509.00440986188056
154,0.198078,0.0141828,0.218653,-0.001578,7.5765e-05,-0.000290028,0.019605,-0.0311988999999999,-0.002912,0.00029064,0.000219648,2.0012999999999983e-05,0.000384356025,0.0009733713612099,8.479744000000149e-06,8.44716096e-08,4.8245243904000023e-08,4.0052016899999934e-10,0.039234894084,0.00020115181584,0.047809134409,2.490084e-06,5.740335225e-09,8.4116240784e-08,737.3653842824684,501.6094385438496,508.6706489651594
155,0.19223,0.0964505,0.247865,-0.00163072,0.000108009,-0.000315898,-0.0058479999999999,0.0822677,0.029212,-5.272000000000002e-05,3.2244e-05,-2.5869999999999995e-05,3.4199103999999905e-05,0.00676797446329,0.000853340944,2.779398400000002e-09,1.0396755359999999e-09,6.692568999999998e-10,0.0369523729,0.0093026989502499,0.061437058225,2.6592477184e-06,1.1665944081000001e-08,9.9791546404e-08,736.5821066132356,505.911777506272,509.03676188628697
156,0.180126,0.0184543,0.221146,-0.000917684,6.36512e-05,-0.000359147,-0.012104,-0.0779961999999999,-0.0267189999999999,0.000713036,-4.43578e-05,-4.324899999999998e-05,0.000146506816,0.0060834072144399,0.0007139049609999,5.084203372960001e-07,1.9676144208399997e-09,1.870476000999998e-09,0.032445375876,0.00034056118849,0.048905553316,8.42143923856e-07,4.051475261440001e-09,1.28986567609e-07,735.8303829379763,501.43046619875565,508.38506132588265
157,0.184499,0.0456501,0.264913,-0.00155662,8.47806e-06,-0.000187334,0.0043729999999999,0.0271958,0.043767,-0.000638936,-5.5173140000000005e-05,0.000171813,1.912312899999989e-05,0.00073961153764,0.001915550289,4.0823921209600013e-07,3.0440753774596003e-09,2.9519706968999995e-08,0.034039881001,0.0020839316300099,0.070178897569,2.4230658244e-06,7.18775013636e-11,3.5094027556e-08,737.4523182213434,500.5362778079179,508.3235598781818
158,0.198105,0.0276617,0.233236,-0.001436,-1.3753e-06,-0.000187334,0.013606,-0.0179883999999999,-0.031677,0.00012062,-9.85336e-06,0.0,0.000185123236,0.0003235825345599,0.001003432329,1.4549184400000024e-08,9.70887032896e-11,0.0,0.039245591025,0.00076516964689,0.054399031696,2.062096e-06,1.89145009e-12,3.5094027556e-08,739.3348107109321,501.6914507019851,508.4870459529088
159,0.201184,0.0225324,0.241198,-0.00155662,5.674080000000001e-07,3.50058e-05,0.0030789999999999,-0.0051293,0.0079619999999999,-0.00012062,1.9427080000000003e-06,0.0002223398,9.48024099999999e-06,2.630971849e-05,6.339344399999995e-05,1.4549184400000024e-08,3.774114373264001e-12,4.9434986664040003e-08,0.040475001856,0.00050770904976,0.0581764752039999,2.4230658244e-06,3.219518384640001e-13,1.22540603364e-09,739.8404346272583,505.5916742223832,509.04623544885766
160,0.201477,0.0482737,0.241203,-0.00172913,-1.97177e-06,-1.5553e-05,0.0002929999999999,0.0257413,5.000000000005e-06,-0.0001725099999999,-2.539178e-06,-5.05588e-05,8.58489999999928e-08,0.00066261452569,2.5000000000050003e-11,2.9759700099999952e-08,6.447424915684e-12,2.5561922574400003e-09,0.040592981529,0.00233035011169,0.058178887209,2.9898905569e-06,3.887876932899999e-12,2.4189580900000007e-10,739.392170728425,504.342503813737,508.79773661527264
161,0.200316,0.0333408,0.272953,-0.00163995,-4.92806e-05,9.46879e-05,-0.0011609999999999,-0.0149329,0.03175,8.91799999999999e-05,-4.730883e-05,0.0001102409,1.3479209999999892e-06,0.00022299150241,0.0010080625,7.953072399999982e-09,2.2381253959689e-09,1.2153056032810004e-08,0.0401264998559999,0.0011116089446399,0.074503340209,2.6894360025e-06,2.4285775363599997e-09,8.96579840641e-09,739.0688092401393,509.60043928540415,509.3905246570188
162,0.19817,0.0433806,0.256186,-0.00182469,-0.000143883,-1.18219e-05,-0.0021459999999999,0.0100398,-0.0167669999999999,-0.0001847399999999,-9.46024e-05,-0.0001065098,4.60531599999992e-06,0.00010079758404,0.0002811322889999,3.412886759999995e-08,8.94961408576e-09,1.1344337496040002e-08,0.0392713489,0.00188187645636,0.065631266596,3.3294935961e-06,2.0702317689000003e-08,1.3975731960999995e-10,738.4539372310282,502.68946729302405,508.302618318815
163,0.185567,0.0505982,0.258305,-0.00211351,-0.000388283,-8.46772e-06,-0.012603,0.0072176,0.0021189999999999,-0.0002888199999999,-0.0002444,3.3541799999999995e-06,0.000158835609,5.209374976000007e-05,4.490160999999924e-06,8.34169924e-08,5.973135999999999e-08,1.1250523472399996e-11,0.034435111489,0.00256017784324,0.066721473025,4.466924520099999e-06,1.50763688089e-07,7.17022819984e-11,738.258711947704,503.39458331929313,508.1854836625766
164,0.141016,0.0356225,0.17571,-0.00136486,-0.000239519,0.000153874,-0.044551,-0.0149757,-0.082595,0.0007486499999999,0.000148764,0.00016234172,0.001984791601,0.00022427159049,0.006821934025,5.604768224999997e-07,2.2130727696000005e-08,2.63548340525584e-08,0.019885512256,0.00126896250625,0.0308740041,1.8628428196e-06,5.7369351361e-08,2.3677207876e-08,738.9094362118803,504.126498063902,509.0464463986315
165,0.0878458,-0.086664,0.184839,-0.00190558,-0.000338585,-0.000241892,-0.0531702,-0.1222865,0.0091289999999999,-0.00054072,-9.906600000000004e-05,-0.000395766,0.00282707016804,0.01495398808225,8.333864099999997e-05,2.923781184e-07,9.814072356000006e-09,1.56630726756e-07,0.00771688457764,0.007510648896,0.034165455921,3.6312351364e-06,1.1463980222500004e-07,5.8511739664e-08,739.1159464876914,504.818955399096,509.2178143239993
166,0.0879622,-0.0171572,0.195045,-0.00265455,-0.000554934,-0.000208239,0.0001164,0.0695068,0.0102059999999999,-0.0007489699999999,-0.0002163489999999,3.3653e-05,1.3548960000000609e-08,0.00483119524624,0.0001041624359999,5.609560608999998e-07,4.6806889800999993e-08,1.1325244089999998e-09,0.00773734862884,0.00029436951184,0.0380425520249999,7.046635702499999e-06,3.07951744356e-07,4.336348112100001e-08,738.4510834429905,499.8036897286773,509.0596211708705
167,0.0928633,0.0459891,0.224035,-0.00273676,-0.000724992,-0.000138882,0.0049010999999999,0.0631463,0.02899,-8.22100000000001e-05,-0.000170058,6.935700000000001e-05,2.402078120999992e-05,0.00398745520369,0.0008404201,6.758484100000015e-09,2.8919723364000026e-08,4.810393449000001e-09,0.00862359248689,0.0021149973188099,0.050191681225,7.4898552976e-06,5.25613400064e-07,1.9288209924e-08,737.735722188836,505.2985043237607,509.5869572509693
168,0.0946601,0.105061,0.319014,-0.00267934,-0.000554934,0.000178208,0.0017968,0.0590719,0.094979,5.741999999999987e-05,0.000170058,0.00031709,3.228490240000004e-06,0.00348948936961,0.009021010441,3.2970563999999846e-09,2.8919723364000026e-08,1.0054606810000001e-07,0.00896053453201,0.011037813721,0.101769932196,7.178862835600001e-06,3.07951744356e-07,3.1758091264000004e-08,737.2003552931732,505.760411881076,509.3465320405468
169,0.0709528,-0.136138,0.154946,-0.00240688,-0.000386368,6.70681e-05,-0.0237073,-0.241199,-0.164068,0.00027246,0.0001685659999999,-0.0001111399,0.00056203607329,0.058176957601,0.026918308624,7.423445159999999e-08,2.8414496355999995e-08,1.2352077372010005e-08,0.00503429982784,0.018533555044,0.024008262916,5.7930713344e-06,1.49280231424e-07,4.498130037609999e-09,737.530208307695,500.0188874769542,509.03768239439097
170,0.074005,-0.0293242,0.12356,-0.00272431,-0.000420176,-0.000370975,0.0030522,0.1068138,-0.031386,-0.00031743,-3.3808000000000026e-05,-0.0004380431,9.31592484000003e-06,0.01140918787044,0.0009850809959999,1.0076180490000005e-07,1.1429808640000012e-09,1.9188175745761e-07,0.005476740025,0.00085990870564,0.0152670736,7.421864976100001e-06,1.7654787097600005e-07,1.37622450625e-07,738.9002749164417,500.7141728176011,509.4700143672526
171,0.0813184,0.0838050999999999,0.149595,-0.00300943,-0.000368821,-0.000547562,0.0073133999999999,0.1131292999999999,0.026035,-0.0002851199999999,5.1355e-05,-0.000176587,5.348581955999997e-05,0.0127982385184899,0.000677821225,8.129341439999989e-08,2.637336025e-09,3.1182968569000006e-08,0.00661268217856,0.0070232947860099,0.022378664025,9.0566689249e-06,1.36028930041e-07,2.998241438440001e-07,739.1026589812918,506.64732825789184,510.1721702781093
172,0.0849711999999999,0.0121747,0.145143,-0.00225567,-0.000391065,-0.000243772,0.0036527999999999,-0.0716303999999999,-0.004452,0.00075376,-2.2243999999999986e-05,0.00030379,1.3342947839999271e-05,0.0051309142041599,1.9820304000000103e-05,5.681541376e-07,4.947955359999994e-10,9.22883641e-08,0.0072201048294399,0.00014822332009,0.0210664904489999,5.0880471489e-06,1.52931834225e-07,5.9424787984000014e-08,738.5683453316465,506.66025628281966,509.7774832512523
173,0.103783,-0.0218635,0.173331,-0.00249817,-0.000554934,-0.000547562,0.0188118000000001,-0.0340382,0.028188,-0.0002425,-0.0001638689999999,-0.00030379,0.00035388381924,0.00115859905924,0.000794563344,5.880625000000006e-08,2.685304916099999e-08,9.22883641e-08,0.010770911089,0.00047801263225,0.030043635561,6.2408533489e-06,3.07951744356e-07,2.998241438440001e-07,738.6778634683321,500.9806786648101,509.1817419126724
174,0.116092,0.0848659999999999,0.349851,-0.00443606,-0.000554934,-0.000162165,0.012309,0.1067294999999999,0.17652,-0.00193789,0.0,0.000385397,0.000151511481,0.0113911861702499,0.0311593104,3.755417652100001e-06,0.0,1.48530847609e-07,0.013477352464,0.0072022379559999,0.122395722201,1.9678628323600005e-05,3.07951744356e-07,2.6297487225e-08,736.2202156202421,500.9971080298225,509.75968676124097
175,0.115726,0.0316002,0.464379,-0.0051754,-0.000686442,8.706989999999998e-05,-0.000366,-0.0532657999999999,0.1145279999999999,-0.0007393399999999,-0.000131508,0.0002492348999999,1.3395600000000382e-07,0.0028372454496399,0.0131166627839999,5.466236355999997e-07,1.7294354064000002e-08,6.211803537800998e-08,0.013392507076,0.00099857264004,0.2156478556409999,2.6784765160000003e-05,4.71202619364e-07,7.581167486009998e-09,732.4107594224948,505.7057371089856,509.4304708732834
176,0.125696,0.0428086,0.448861,-0.00489043,-0.000528818,0.000151106,0.00997,0.0112084,-0.0155179999999999,0.0002849699999999,0.0001576239999999,6.403610000000002e-05,9.940090000000012e-05,0.00012562823056,0.0002408083239999,8.12079008999999e-08,2.4845325376e-08,4.100622103210002e-09,0.015799484416,0.00183257623396,0.201476197321,2.39163055849e-05,2.7964847712400004e-07,2.2833023236e-08,729.8485798993338,499.8966099078456,507.95290194829056
177,0.143851,0.014092,0.440669,-0.00491881,-0.0007819879999999,0.000316663,0.018155,-0.0287166,-0.008192,-2.8379999999999725e-05,-0.0002531699999998,0.000165557,0.000329604025,0.00082464311556,6.710886400000053e-05,8.054243999999841e-10,6.409504889994935e-08,2.7409120249000005e-08,0.020693110201,0.000198584464,0.194189167561,2.41946918161e-05,6.115052321438436e-07,1.00275455569e-07,728.8954752862908,497.7618697916468,507.256038959032
178,0.142336,0.0375082,0.444292,-0.00535926,-0.000957965,0.000395797,-0.001515,0.0234161999999999,0.003623,-0.00044045,-0.000175977,7.913399999999996e-05,2.2952250000000497e-06,0.0005483184224399,1.312612900000031e-05,1.939962025000002e-07,3.0967904529035185e-08,6.262189955999994e-09,0.0202595368959999,0.0014068650672399,0.197395381264,2.8721667747600003e-05,9.17696941225e-07,1.5665526520899998e-07,728.040418302523,498.8610212443604,506.6770010070898
179,0.152996,0.0484173,0.53064,-0.0073096,-0.000957965,0.000395797,0.01066,0.0109091,0.0863479999999999,-0.00195034,0.0,0.0,0.0001136356,0.00011900846281,0.0074559771039999,3.8038261156e-06,0.0,0.0,0.0234077760159999,0.00234423493929,0.2815788096,5.343025216e-05,9.17696941225e-07,1.5665526520899998e-07,730.7139120161255,496.334265705612,507.317904774524
180,0.131116,0.00231892,0.437633,-0.00570791,-0.000878099,0.000525612,-0.0218799999999999,-0.04609838,-0.093007,0.00160169,7.986599999999994e-05,0.0001298149999999,0.0004787343999999,0.0021250606386244,0.008650302049,2.5654108561000007e-06,6.378577955999991e-09,1.6851934224999995e-08,0.017191405456,5.377389966399999e-06,0.191522642689,3.25802365681e-05,7.71057853801e-07,2.76267974544e-07,731.2217501428298,494.1280174515314,508.05922063430654
181,0.0555095,-0.634598,0.524168,-0.0129793,-0.00188699,0.00182035,-0.0756065,-0.63691692,0.0865349999999999,-0.0072713899999999,-0.001008891,0.001294738,0.00571634284225,0.4056631629822864,0.0074883062249999,5.287311253209999e-05,1.017861049881e-06,1.6763464886440004e-06,0.00308130459025,0.402714621604,0.274752092224,0.0001684622284899,3.5607312601e-06,3.3136741225e-06,730.4779916405786,492.4256928357813,510.1181096042495
182,0.0650636,-0.441473,0.351824,-0.00507,-0.00211551,-0.000188953,0.0095540999999999,0.193125,-0.1723439999999999,0.0079093,-0.00022852,-0.002009303,9.128082680999992e-05,0.037297265625,0.0297024543359999,6.255702648999999e-05,5.2221390400000033e-08,4.037298545809e-06,0.00423327204496,0.194898409729,0.123780126976,2.57049e-05,4.4753825601000005e-06,3.5703236209e-08,734.3834114168874,505.0227064586348,515.2615636990558
183,0.0517701,-0.679433,0.436306,-0.00459867,-0.00236104,-0.000646324,-0.0132935,-0.2379599999999999,0.084482,0.0004713299999999,-0.0002455299999999,-0.000457371,0.0001767171422499,0.0566249615999999,0.007137208324,2.2215196889999986e-07,6.028498089999995e-08,2.09188231641e-07,0.00268014325401,0.4616292014889999,0.190362925636,2.11477657689e-05,5.5745098816e-06,4.17734712976e-07,735.0586767621003,505.7585265441073,514.7055192724624
184,0.0882823999999999,-0.570028,0.442096,-0.00389231,-0.00134174,0.000861257,0.0365122999999999,0.1094049999999999,0.0057899999999999,0.00070636,0.0010193,0.001507581,0.0013331480512899,0.0119694540249999,3.352409999999956e-05,4.989444496000001e-07,1.0389724900000005e-06,2.2728004715610003e-06,0.0077937821497599,0.3249319207839999,0.195448873216,1.51500771361e-05,1.8002662275999995e-06,7.417636200490001e-07,737.8172320603292,506.8446153049668,513.2461495597764
185,0.046998,-0.969131,0.477817,-0.00868107,-0.00333901,9.67792e-05,-0.0412843999999999,-0.399103,0.035721,-0.00478876,-0.0019972699999999,-0.0007644778,0.0017044016833599,0.159283204609,0.001275989841,2.293222233760001e-05,3.989087452899999e-06,5.8442630669284e-07,0.0022088120039999,0.939214895161,0.228309085489,7.536097634490001e-05,1.11489877801e-05,9.36621355264e-09,733.140180164505,509.743186227315,511.5163038825215
186,-0.0480356,-0.45441,0.281847,-0.00129338,-0.00180969,-0.000711532,-0.0950336,0.514721,-0.1959699999999999,0.00738769,0.0015293199999999,-0.0008083112,0.00903138512896,0.2649377078409999,0.0384042408999999,5.457796353610001e-05,2.3388196624e-06,6.5336699604544e-07,0.0023074188673599,0.2064884480999999,0.079437731409,1.6728318244e-06,3.2749778961e-06,5.06277787024e-07,737.1186860882981,509.5968032783932,513.3450466492036
187,-0.0333179,-0.442488,0.30393,-0.00279858,-0.00169185,-0.000931493,0.0147177,0.0119219999999999,0.0220829999999999,-0.0015052,0.00011784,-0.000219961,0.00021661069329,0.0001421340839999,0.0004876588889999,2.2656270400000006e-06,1.3886265600000033e-08,4.838284152100004e-08,0.00111008246041,0.195795630144,0.0923734448999999,7.8320500164e-06,2.8623564225e-06,8.67679209049e-07,734.9503644724177,508.50761717822814,511.00352333681775
188,-0.0169712,-0.307387,0.308993,-0.00279492,-0.00147725,-0.000370865,0.0163467,0.1351009999999999,0.005063,3.659999999999948e-06,0.0002145999999999,0.000560628,0.0002672146008899,0.0182522802009999,2.56339690000004e-05,1.3395599999999619e-11,4.6053159999999974e-08,3.143037543840001e-07,0.0002880216294399,0.094486767769,0.095476674049,7.811577806400001e-06,2.1822675625000003e-06,1.3754084822500001e-07,733.4563641701634,505.8086226407025,510.8579871701194
189,0.015698,-0.342026,0.334585,-0.00319605,-0.00152178,-0.000339934,0.0326691999999999,-0.0346389999999999,0.025592,-0.00040113,-4.4529999999999874e-05,3.093099999999999e-05,0.0010672766286399,0.0011998603209999,0.000654950464,1.6090527689999997e-07,1.9829208999999887e-09,9.56726760999999e-10,0.000246427204,0.116981784676,0.111947122225,1.0214735602500002e-05,2.3158143684e-06,1.1555512435600001e-07,730.9709414466234,504.2319422672192,510.0226452429602
190,0.0375195,-0.26718,0.309686,-0.00284471,-0.00165864,-0.000240751,0.0218214999999999,0.074846,-0.024899,0.00035134,-0.00013686,9.9183e-05,0.0004761778622499,0.005601923716,0.000619960201,1.2343979560000026e-07,1.873065960000004e-08,9.837267489e-09,0.0014077128802499,0.0713851523999999,0.095905418596,8.0923749841e-06,2.7510866496000004e-06,5.7961044001000015e-08,729.3519369998309,503.2446990302867,510.2809052978984
191,-0.0192025,-0.209153,0.214653,-0.00136783,-0.0020894,-0.000537992,-0.0567219999999999,0.0580269999999999,-0.095033,0.0014768799999999,-0.0004307599999999,-0.000297241,0.0032173852839999,0.0033671327289999,0.009031271089,2.1811745344e-06,1.855541775999999e-07,8.835221208100005e-08,0.00036873600625,0.043744977409,0.046075910409,1.8709589089e-06,4.36559236e-06,2.8943539206400005e-07,730.4393761108053,498.6413794875145,510.4429147242085
192,-0.0482086,-0.254942,0.221353,-0.00125343,-0.00195902,-0.000537993,-0.0290060999999999,-0.0457889999999999,0.0066999999999999,0.0001143999999999,0.0001303799999999,-9.99999999907325e-10,0.0008413538372099,0.002096632521,4.488999999999978e-05,1.308735999999999e-08,1.699894439999995e-08,9.999999998146501e-19,0.0023240691139599,0.064995423364,0.048997150609,1.5710867649000002e-06,3.8377593604e-06,2.89436468049e-07,730.04486665716,495.3517358111011,509.7928058757341
193,-0.0536927,-0.205834,0.277988,-0.00267196,-0.00165373,-0.00103767,-0.0054841,0.049108,0.056635,-0.00141853,0.00030529,-0.000499677,3.0075352810000062e-05,0.002411595664,0.003207523225,2.0122273609e-06,9.32019841000001e-08,2.496771043290001e-07,0.00288290603329,0.042367635556,0.077277328144,7.139370241600001e-06,2.7348229129e-06,1.0767590289000005e-06,731.8008903319673,497.7591764531202,510.3492913791273
194,-0.0132298,-0.226541,0.246892,-0.00159796,-0.00168171,-0.000603164,0.0404629,-0.020707,-0.031096,0.001074,-2.798000000000015e-05,0.000434506,0.00163724627641,0.000428779849,0.000966961216,1.1534760000000002e-06,7.828804000000081e-10,1.887954640360001e-07,0.0001750276080399,0.0513208246809999,0.060955659664,2.5534761616e-06,2.8281485241e-06,3.63806810896e-07,732.6175823807174,498.2653894291984,511.0539019782615
195,0.047003,-0.247562,0.245522,-0.00161423,-0.00164778,-2.03582e-05,0.0602328,-0.021021,-0.00137,-1.626999999999987e-05,3.393000000000016e-05,0.0005828058,0.00362799019584,0.000441882441,1.876900000000028e-06,2.6471289999999576e-10,1.1512449000000107e-09,3.3966260051364e-07,0.002209282009,0.061286943844,0.0602810524839999,2.6057384929e-06,2.7151789284e-06,4.1445630724000005e-10,733.8638462036647,497.9149860868851,510.6549576014233
196,0.0672262,-0.235847,0.255397,-0.00199207,-0.00121409,0.000251038,0.0202231999999999,0.011715,0.0098749999999999,-0.0003778399999999,0.00043369,0.0002713962,0.0004089778182399,0.000137241225,9.75156249999999e-05,1.4276306559999996e-07,1.880870161000001e-07,7.365589737444e-08,0.00451936196644,0.055623807409,0.0652276276089999,3.9683428849e-06,1.4740145280999998e-06,6.3020077444e-08,734.0604448958584,502.3272132611937,510.5242646279026
197,0.063632,-0.282779,0.267902,-0.00273868,-0.00133941,0.00047214,-0.0035942,-0.046932,0.0125049999999999,-0.00074661,-0.00012532,0.000221102,1.291827364000004e-05,0.002202612624,0.0001563750249999,5.574264921e-07,1.570510240000004e-08,4.8886094404000016e-08,0.0040490314239999,0.079963962841,0.0717714816039999,7.500368142399999e-06,1.7940191481000002e-06,2.2291617960000002e-07,733.8596242430657,502.7041459879941,509.4187919267135
198,0.0603203,-0.207969,0.273039,-0.00252177,-0.00161454,0.000613195,-0.0033116999999999,0.07481,0.005137,0.0002169099999999,-0.0002751299999999,0.0001410549999999,1.096735688999996e-05,0.0055965361,2.6388769000000023e-05,4.704994809999993e-08,7.569651689999999e-08,1.9896513024999992e-08,0.00363853859209,0.0432511049609999,0.0745502955209999,6.3593239329e-06,2.6067394116e-06,3.76008108025e-07,732.5044122929962,497.2914782179727,508.6483458208887
199,0.0536262,-0.190817,0.305828,-0.00256363,-0.00161455,0.000711682,-0.0066941,0.017152,0.032789,-4.18599999999999e-05,-9.999999999940612e-09,9.848700000000008e-05,4.481097481000002e-05,0.000294191104,0.001075118521,1.7522595999999915e-09,9.999999999881223e-17,9.699689169000016e-09,0.00287576932644,0.0364111274889999,0.0935307655839999,6.5721987769e-06,2.6067717025e-06,5.06491269124e-07,735.2903415150662,501.1900857352548,510.0767250940722
200,0.043992,-0.22387,0.32536,-0.00245368,-0.00201261,0.000232765,-0.0096341999999999,-0.033053,0.0195319999999999,0.0001099499999999,-0.00039806,-0.000478917,9.281780963999992e-05,0.001092500809,0.0003814990239999,1.2089002499999938e-08,1.5845176360000016e-07,2.293614928890001e-07,0.001935296064,0.0501177769,0.1058591295999999,6.020545542400001e-06,4.050599012100001e-06,5.417954522500001e-08,735.948186410522,500.8132876753807,509.1925387056427
201,0.0393604,-0.197751,0.388789,-0.00321134,-0.00233998,0.000232765,-0.0046316,0.026119,0.063429,-0.0007576599999999,-0.00032737,0.0,2.145171856000006e-05,0.000682202161,0.004023238041,5.740486755999998e-07,1.071711169e-07,0.0,0.0015492410881599,0.039105458001,0.1511568865209999,1.03127045956e-05,5.475506400400001e-06,5.417954522500001e-08,727.3063305137061,490.9043605690201,505.67788534642114
202,0.00699279,-0.109156,0.228499,-0.00225179,-0.00188212,-0.000197847,-0.03236761,0.088595,-0.16029,0.00095955,0.00045786,-0.000430612,0.0010476621771121,0.007849074025,0.0256928840999999,9.207362025e-07,2.096357796000003e-07,1.8542669454400001e-07,4.889911198409999e-05,0.011915032336,0.052211793001,5.0705582041000005e-06,3.5423756944e-06,3.9143435409e-08,730.232125271388,492.55820509129103,507.5380788066578
203,0.033808,0.0240813,0.214689,-0.000979491,-0.00163171,-0.000447847,0.02681521,0.1332373,-0.01381,0.001272299,0.0002504099999999,-0.00025,0.0007190554873441,0.01775217811129,0.0001907161,1.618744745401e-06,6.270516809999997e-08,6.25e-08,0.0011429808639999,0.00057990900969,0.046091366721,9.594026190810002e-07,2.6624775241e-06,2.0056693540900002e-07,733.9730666188198,498.403557695614,507.7939992368316
204,-0.0538698,-0.0383255,0.0326874,0.00195559,-0.00109231,-0.000963948,-0.0876778,-0.0624068,-0.1820015999999999,0.002935081,0.0005394,-0.0005161009999999,0.00768739661284,0.0038946086862399,0.0331245824025599,8.614700476561e-06,2.9095236e-07,2.663602422009999e-07,0.00290195535204,0.0014688439502499,0.00106846611876,3.824332248100001e-06,1.1931411361e-06,9.29195746704e-07,736.9684534102444,497.0062536680037,509.2471938743197
205,-0.0355858,-0.000174561,0.00111607,0.00199685,-0.00133576,-0.00101835,0.018284,0.038150939,-0.03157133,4.126e-05,-0.00024345,-5.440199999999994e-05,0.000334304656,0.0014554941465817,0.0009967488779689,1.7023875999999992e-09,5.926790250000004e-08,2.959577603999994e-09,0.00126634916164,3.0471542721e-08,1.2456122449000002e-06,3.9874099225000005e-06,1.7842547776000002e-06,1.0370367224999995e-06,737.1008018512322,496.60710089835857,509.0753656948999
